{
    "list": [
        {
            "partName": "socket-head-screw-m25x5",
            "start": 7.5,
            "end": 5.0,
            "axis": "z",
            "reverse": true,
            "position": {
                "x": 65.28814697265625,
                "y": -94.4664306640625,
                "z": 35.517852783203128
            },
            "rotation": {
                "x": 0.0,
                "y": 0.0,
                "z": 0.0,
                "w": 1.0
            },
            "scale": {
                "x": 1.0,
                "y": 1.0,
                "z": 1.0
            },
            "id": "e1412a5e-3587-4650-a7a6-6c42c884e9d4",
            "assembledParts": [
                "Knob",
                "Stem_top",
                "Stem_middle"
            ]
        },
        {
            "partName": "socket-head-screw-m25x5",
            "start": 7.5,
            "end": 5.0,
            "axis": "z",
            "reverse": true,
            "position": {
                "x": 78.67584228515625,
                "y": -117.40252685546875,
                "z": 36.21763229370117
            },
            "rotation": {
                "x": 0.0,
                "y": 0.0,
                "z": 0.0,
                "w": 1.0
            },
            "scale": {
                "x": 1.0,
                "y": 1.0,
                "z": 1.0
            },
            "id": "4b9125bf-0ed6-432f-8aee-37467c66b95a",
            "assembledParts": [
                "Knob",
                "Stem_top",
                "Stem_middle"
            ]
        },
        {
            "partName": "socket-head-screw-m25x5",
            "start": 7.5,
            "end": 5.0,
            "axis": "z",
            "reverse": true,
            "position": {
                "x": 51.65983581542969,
                "y": -117.59754943847656,
                "z": 36.39326095581055
            },
            "rotation": {
                "x": 0.0,
                "y": 0.0,
                "z": 0.0,
                "w": 1.0
            },
            "scale": {
                "x": 1.0,
                "y": 1.0,
                "z": 1.0
            },
            "id": "df73d86f-2f2e-40d4-8b95-33b44da69c1b",
            "assembledParts": [
                "Knob",
                "Stem_top",
                "Stem_middle"
            ]
        },
        {
            "partName": "socket-head-screw-m25x8",
            "start": 4.5,
            "end": 5.0,
            "axis": "z",
            "reverse": true,
            "position": {
                "x": 58.94408416748047,
                "y": -99.58946228027344,
                "z": 35.229515075683597
            },
            "rotation": {
                "x": -2.607702853651972e-8,
                "y": 0.0,
                "z": 1.4901159417490817e-8,
                "w": 1.0
            },
            "scale": {
                "x": 1.0,
                "y": 1.0,
                "z": 1.0
            },
            "id": "ca41c4dc-8333-4ce1-a224-2e94736f3d8a",
            "assembledParts": [
                "Stem_bottom",
                "Stem_middle",
                "Adafruit_TLV493D"
            ]
        },
        {
            "partName": "socket-head-screw-m25x8",
            "start": 4.5,
            "end": 5.0,
            "axis": "z",
            "reverse": true,
            "position": {
                "x": 58.894996643066409,
                "y": -119.69524383544922,
                "z": 35.97223663330078
            },
            "rotation": {
                "x": -2.607702853651972e-8,
                "y": 0.0,
                "z": 1.4901159417490817e-8,
                "w": 1.0
            },
            "scale": {
                "x": 1.0,
                "y": 1.0,
                "z": 1.0
            },
            "id": "480643c3-d26c-4e44-806e-1205c95f61c6",
            "assembledParts": [
                "Stem_bottom",
                "Stem_middle",
                "Adafruit_TLV493D"
            ]
        },
        {
            "partName": "socket-head-screw-m25x8",
            "start": 4.5,
            "end": 5.0,
            "axis": "z",
            "reverse": true,
            "position": {
                "x": 71.78160095214844,
                "y": -99.80198669433594,
                "z": 35.24207305908203
            },
            "rotation": {
                "x": -2.607702853651972e-8,
                "y": 0.0,
                "z": 1.4901159417490817e-8,
                "w": 1.0
            },
            "scale": {
                "x": 1.0,
                "y": 1.0,
                "z": 1.0
            },
            "id": "f593cb54-e5c6-47ca-a0f2-97dea9bc563e",
            "assembledParts": [
                "Stem_bottom",
                "Stem_middle",
                "Adafruit_TLV493D"
            ]
        },
        {
            "partName": "socket-head-screw-m25x8",
            "start": 4.5,
            "end": 5.0,
            "axis": "z",
            "reverse": true,
            "position": {
                "x": 71.68851470947266,
                "y": -120.14453887939453,
                "z": 35.19904327392578
            },
            "rotation": {
                "x": -2.607702853651972e-8,
                "y": 0.0,
                "z": 1.4901159417490817e-8,
                "w": 1.0
            },
            "scale": {
                "x": 1.0,
                "y": 1.0,
                "z": 1.0
            },
            "id": "5624ab46-7461-4d43-8a06-a8be618077ca",
            "assembledParts": [
                "Stem_bottom",
                "Stem_middle",
                "Adafruit_TLV493D"
            ]
        },
        {
            "partName": "socket-head-screw-m25x8",
            "start": 4.5,
            "end": 5.0,
            "axis": "z",
            "reverse": true,
            "position": {
                "x": 72.11760711669922,
                "y": -113.90499114990235,
                "z": 7.870290279388428
            },
            "rotation": {
                "x": 3.7252894102834945e-9,
                "y": 1.4901157641133978e-8,
                "z": 4.470347292340193e-8,
                "w": 1.0
            },
            "scale": {
                "x": 1.0,
                "y": 1.0,
                "z": 1.0
            },
            "id": "cdeee494-ff17-47f8-8a30-0e10d7c98836",
            "assembledParts": [
                "Base_middle_plate",
                "Button_1",
                "Button_2",
                "Stem_bottom",
                "Stem_middle",
                "Knob",
                "Stem_top",
                "Switch_1",
                "Switch_2",
                "Base_bottom",
                "Base_top",
                "QTPy_ESP32S2",
                "Adafruit_TLV493D"
            ]
        },
        {
            "partName": "socket-head-screw-m25x8",
            "start": 4.5,
            "end": 5.0,
            "axis": "z",
            "reverse": true,
            "position": {
                "x": 65.20203399658203,
                "y": -101.73381042480469,
                "z": 7.651689052581787
            },
            "rotation": {
                "x": 3.7252894102834945e-9,
                "y": 1.4901157641133978e-8,
                "z": 4.470347292340193e-8,
                "w": 1.0
            },
            "scale": {
                "x": 1.0,
                "y": 1.0,
                "z": 1.0
            },
            "id": "ef0fe60e-127f-4401-9704-cc32fd631d7b",
            "assembledParts": [
                "Base_middle_plate",
                "Button_1",
                "Button_2",
                "Stem_bottom",
                "Stem_middle",
                "Knob",
                "Stem_top",
                "Switch_1",
                "Switch_2",
                "Base_bottom",
                "Base_top",
                "QTPy_ESP32S2",
                "Adafruit_TLV493D"
            ]
        },
        {
            "partName": "socket-head-screw-m25x8",
            "start": 4.5,
            "end": 5.0,
            "axis": "z",
            "reverse": true,
            "position": {
                "x": 58.4417724609375,
                "y": -113.86952209472656,
                "z": 8.009101867675782
            },
            "rotation": {
                "x": 3.7252894102834945e-9,
                "y": 1.4901157641133978e-8,
                "z": 4.470347292340193e-8,
                "w": 1.0
            },
            "scale": {
                "x": 1.0,
                "y": 1.0,
                "z": 1.0
            },
            "id": "d8dd8fb2-73be-4861-a73e-cbc0969df1fa",
            "assembledParts": [
                "Base_middle_plate",
                "Button_1",
                "Button_2",
                "Stem_bottom",
                "Stem_middle",
                "Knob",
                "Stem_top",
                "Switch_1",
                "Switch_2",
                "Base_bottom",
                "Base_top",
                "QTPy_ESP32S2",
                "Adafruit_TLV493D"
            ]
        },
        {
            "partName": "socket-head-screw-m25x12",
            "start": 4.5,
            "end": 5.0,
            "axis": "z",
            "reverse": true,
            "position": {
                "x": 91.11500549316406,
                "y": -82.95417785644531,
                "z": 18.47879409790039
            },
            "rotation": {
                "x": -2.607702853651972e-8,
                "y": 0.0,
                "z": 1.4901159417490817e-8,
                "w": 1.0
            },
            "scale": {
                "x": 1.0,
                "y": 1.0,
                "z": 1.0
            },
            "id": "d81783b4-fbe7-4962-b329-b1c1049374ee",
            "assembledParts": [
                "Button_1",
                "Base_middle_plate",
                "Button_2",
                "Switch_1",
                "Switch_2",
                "Base_bottom",
                "Base_top",
                "QTPy_ESP32S2"
            ]
        },
        {
            "partName": "socket-head-screw-m25x12",
            "start": 4.5,
            "end": 5.0,
            "axis": "z",
            "reverse": true,
            "position": {
                "x": 91.06475830078125,
                "y": -137.00205993652345,
                "z": 18.14281463623047
            },
            "rotation": {
                "x": -2.607702853651972e-8,
                "y": 0.0,
                "z": 1.4901159417490817e-8,
                "w": 1.0
            },
            "scale": {
                "x": 1.0,
                "y": 1.0,
                "z": 1.0
            },
            "id": "bc6f1e00-338d-4368-aa60-af9184422ce2",
            "assembledParts": [
                "Button_1",
                "Base_middle_plate",
                "Button_2",
                "Switch_1",
                "Switch_2",
                "Base_bottom",
                "Base_top",
                "QTPy_ESP32S2"
            ]
        },
        {
            "partName": "socket-head-screw-m25x12",
            "start": 4.5,
            "end": 5.0,
            "axis": "z",
            "reverse": true,
            "position": {
                "x": 39.29231643676758,
                "y": -82.55923461914063,
                "z": 19.619831085205079
            },
            "rotation": {
                "x": -2.607702853651972e-8,
                "y": 0.0,
                "z": 1.4901159417490817e-8,
                "w": 1.0
            },
            "scale": {
                "x": 1.0,
                "y": 1.0,
                "z": 1.0
            },
            "id": "439f7d07-aa5a-410d-8a0f-e123e96be496",
            "assembledParts": [
                "Button_1",
                "Base_middle_plate",
                "Button_2",
                "Switch_1",
                "Switch_2",
                "Base_bottom",
                "Base_top",
                "QTPy_ESP32S2"
            ]
        },
        {
            "partName": "socket-head-screw-m25x12",
            "start": 4.5,
            "end": 5.0,
            "axis": "z",
            "reverse": true,
            "position": {
                "x": 39.308807373046878,
                "y": -136.57850646972657,
                "z": 18.347999572753908
            },
            "rotation": {
                "x": -2.607702853651972e-8,
                "y": 0.0,
                "z": 1.4901159417490817e-8,
                "w": 1.0
            },
            "scale": {
                "x": 1.0,
                "y": 1.0,
                "z": 1.0
            },
            "id": "b01c007e-2890-4a55-989e-4712bffb4ced",
            "assembledParts": [
                "Button_1",
                "Base_middle_plate",
                "Button_2",
                "Switch_1",
                "Switch_2",
                "Base_bottom",
                "Base_top",
                "QTPy_ESP32S2"
            ]
        }
    ]
}
