{"directed": true, "multigraph": false, "graph": {}, "nodes": [{"id": ["0", "1", "10", "11", "12", "2", "3", "4", "5", "6", "7", "8", "9"]}, {"id": ["0", "1", "10", "11", "12", "2", "3", "4", "5", "7", "8", "9"]}, {"id": ["0", "10", "11", "12", "2", "3", "4", "5", "6", "7", "8", "9"]}, {"id": ["0", "10", "11", "12", "2", "3", "4", "5", "7", "8", "9"]}, {"id": ["0", "1", "10", "12", "2", "3", "4", "5", "7", "8", "9"]}, {"id": ["0", "10", "12", "2", "3", "4", "5", "7", "8", "9"]}, {"id": ["10", "11", "12", "2", "3", "4", "5", "6", "7", "8", "9"]}, {"id": ["10", "11", "12", "2", "3", "4", "5", "7", "8", "9"]}, {"id": ["10", "12", "2", "3", "4", "5", "7", "8", "9"]}, {"id": ["0", "1", "12", "2", "3", "4", "5", "7", "8", "9"]}, {"id": ["0", "12", "2", "3", "4", "5", "7", "8", "9"]}, {"id": ["12", "2", "3", "4", "5", "7", "8", "9"]}, {"id": ["10", "11", "12", "3", "4", "5", "6", "7", "8", "9"]}, {"id": ["10", "11", "12", "3", "4", "5", "7", "8", "9"]}, {"id": ["10", "12", "3", "4", "5", "7", "8", "9"]}, {"id": ["0", "2", "3", "4", "5", "7", "8", "9"]}, {"id": ["0", "1", "2", "3", "4", "5", "7", "8", "9"]}, {"id": ["2", "3", "4", "5", "7", "8", "9"]}, {"id": ["3", "4", "5", "7", "8", "9"]}, {"id": ["10", "11", "12", "3", "4", "5", "6", "8", "9"]}, {"id": ["10", "11", "12", "3", "4", "5", "6", "7", "9"]}, {"id": ["10", "11", "12", "3", "4", "5", "7", "9"]}, {"id": ["10", "11", "12", "3", "4", "5", "6", "9"]}, {"id": ["10", "11", "12", "3", "4", "5", "6", "7", "8"]}, {"id": ["10", "11", "12", "3", "4", "5", "7", "8"]}, {"id": ["10", "11", "12", "3", "4", "5", "6", "8"]}, {"id": ["10", "11", "12", "3", "4", "5", "6", "7"]}, {"id": ["10", "11", "12", "3", "4", "5", "8", "9"]}, {"id": ["10", "12", "3", "4", "5", "8", "9"]}, {"id": ["10", "11", "12", "3", "4", "5", "9"]}, {"id": ["10", "11", "12", "3", "4", "5", "8"]}, {"id": ["0", "1", "2", "3", "4", "5", "7", "8"]}, {"id": ["0", "2", "3", "4", "5", "7", "8"]}, {"id": ["2", "3", "4", "5", "7", "8"]}, {"id": ["3", "4", "5", "7", "8"]}, {"id": ["3", "4", "5", "8"]}, {"id": ["3", "4", "5", "7"]}, {"id": ["3", "4", "5"]}, {"id": ["3", "4", "5", "8", "9"]}, {"id": ["3", "4", "5", "7", "9"]}, {"id": ["3", "4", "5", "9"]}, {"id": ["10", "11", "12", "3", "5", "6", "7", "9"]}, {"id": ["10", "11", "12", "3", "5", "7", "9"]}, {"id": ["10", "11", "12", "3", "5", "6", "9"]}, {"id": ["10", "11", "12", "3", "5", "6", "7"]}, {"id": ["10", "11", "12", "3", "5", "7"]}, {"id": ["10", "11", "12", "3", "5", "6"]}, {"id": ["10", "11", "3", "4", "5", "6", "7", "8"]}, {"id": ["10", "11", "3", "4", "5", "7", "8"]}, {"id": ["10", "11", "3", "4", "5", "6", "8"]}, {"id": ["10", "11", "3", "4", "5", "6", "7"]}, {"id": ["10", "11", "3", "5", "6", "7"]}, {"id": ["10", "11", "3", "4", "5", "7"]}, {"id": ["10", "11", "3", "4", "5", "6"]}, {"id": ["10", "11", "12", "3", "4", "8", "9"]}, {"id": ["10", "12", "3", "4", "8", "9"]}, {"id": ["10", "11", "12", "3", "4", "9"]}, {"id": ["10", "11", "12", "3", "4", "8"]}, {"id": ["10", "12", "3", "4", "8"]}, {"id": ["10", "11", "3", "4", "8"]}, {"id": ["10", "11", "12", "3", "4"]}, {"id": ["3", "5", "7"]}, {"id": ["3", "5"]}, {"id": ["3"]}, {"id": ["3", "5", "7", "9"]}, {"id": ["3", "5", "9"]}, {"id": ["3", "9"]}, {"id": ["10", "12", "3", "4"]}, {"id": ["10", "11", "3", "4"]}, {"id": ["10", "11", "12", "3"]}, {"id": ["10", "12", "3"]}, {"id": ["10", "11", "3"]}, {"id": ["10", "3"]}, {"id": ["12", "3"]}, {"id": []}, {"id": ["10", "3", "4"]}, {"id": ["11", "3", "4", "5", "6", "7", "8"]}, {"id": ["5"]}, {"id": ["11", "3", "4", "5", "7", "8"]}, {"id": ["11", "3", "4", "5", "6", "8"]}, {"id": ["11", "3", "4", "5", "6", "7"]}, {"id": ["11", "12", "3", "4", "8"]}, {"id": ["12", "3", "4", "8"]}, {"id": ["11", "3", "4", "8"]}, {"id": ["11", "12", "3", "4"]}, {"id": ["12", "3", "4"]}, {"id": ["11", "3", "4"]}, {"id": ["11", "12", "3"]}, {"id": ["5", "9"]}, {"id": ["9"]}, {"id": ["11", "3"]}, {"id": ["3", "4"]}, {"id": ["10", "11", "12", "4"]}, {"id": ["11", "12", "4"]}, {"id": ["10", "12", "4"]}, {"id": ["10", "11", "4"]}, {"id": ["10", "11", "12"]}, {"id": ["11", "12"]}, {"id": ["10", "12"]}, {"id": ["10", "11"]}, {"id": ["11"]}, {"id": ["10"]}, {"id": ["12"]}, {"id": ["11", "4"]}, {"id": ["10", "4"]}, {"id": ["4"]}, {"id": ["12", "4"]}, {"id": ["3", "4", "8"]}, {"id": ["11", "3", "5", "6", "7"]}, {"id": ["11", "3", "4", "5", "7"]}, {"id": ["11", "3", "4", "5", "6"]}, {"id": ["11", "3", "5", "6"]}, {"id": ["11", "3", "4", "5"]}, {"id": ["11", "3", "5"]}, {"id": ["11", "3", "5", "7"]}, {"id": ["11", "3", "4", "5", "8"]}, {"id": ["10", "3", "4", "8"]}, {"id": ["10", "12", "3", "4", "9"]}, {"id": ["10", "11", "12", "3", "9"]}, {"id": ["10", "12", "3", "9"]}, {"id": ["3", "4", "5", "6", "7", "8"]}, {"id": ["3", "4", "5", "6", "8"]}, {"id": ["3", "4", "5", "6", "7"]}, {"id": ["3", "5", "6", "7"]}, {"id": ["3", "4", "5", "6"]}, {"id": ["3", "5", "6"]}, {"id": ["12", "3", "9"]}, {"id": ["12", "3", "4", "9"]}, {"id": ["11", "5"]}, {"id": ["3", "4", "9"]}, {"id": ["11", "3", "4", "6"]}, {"id": ["3", "4", "6"]}, {"id": ["11", "3", "6"]}, {"id": ["3", "6"]}, {"id": ["11", "3", "4", "6", "8"]}, {"id": ["3", "4", "6", "8"]}, {"id": ["12", "3", "4", "8", "9"]}, {"id": ["3", "4", "8", "9"]}, {"id": ["10", "11", "3", "5", "6"]}, {"id": ["10", "11", "3", "4", "5"]}, {"id": ["10", "11", "12", "4", "9"]}, {"id": ["10", "11", "12", "9"]}, {"id": ["10", "12", "9"]}, {"id": ["12", "9"]}, {"id": ["10", "12", "4", "9"]}, {"id": ["12", "4", "9"]}, {"id": ["4", "9"]}, {"id": ["10", "3", "4", "5"]}, {"id": ["10", "11", "3", "5"]}, {"id": ["10", "3", "5"]}, {"id": ["10", "3", "4", "5", "7"]}, {"id": ["10", "11", "3", "5", "7"]}, {"id": ["10", "3", "5", "7"]}, {"id": ["10", "11", "3", "4", "5", "8"]}, {"id": ["10", "3", "4", "5", "8"]}, {"id": ["10", "3", "4", "5", "7", "8"]}, {"id": ["10", "11", "12", "3", "5"]}, {"id": ["10", "12", "3", "5"]}, {"id": ["12", "3", "5"]}, {"id": ["10", "12", "3", "5", "7"]}, {"id": ["12", "3", "5", "7"]}, {"id": ["10", "11", "12", "3", "5", "9"]}, {"id": ["11", "6"]}, {"id": ["6"]}, {"id": ["10", "12", "3", "5", "9"]}, {"id": ["12", "3", "5", "9"]}, {"id": ["10", "11", "3", "4", "6"]}, {"id": ["10", "11", "3", "6"]}, {"id": ["10", "11", "5"]}, {"id": ["10", "5"]}, {"id": ["10", "12", "3", "5", "7", "9"]}, {"id": ["12", "3", "5", "7", "9"]}, {"id": ["10", "12", "3", "4", "5", "8"]}, {"id": ["10", "11", "12", "3", "4", "5"]}, {"id": ["10", "12", "3", "4", "5"]}, {"id": ["12", "3", "4", "5"]}, {"id": ["12", "3", "4", "5", "8"]}, {"id": ["10", "12", "3", "4", "5", "9"]}, {"id": ["12", "3", "4", "5", "9"]}, {"id": ["12", "3", "4", "5", "8", "9"]}, {"id": ["10", "11", "12", "3", "4", "5", "7"]}, {"id": ["10", "11", "12", "3", "4", "5", "6"]}, {"id": ["10", "12", "3", "4", "5", "7"]}, {"id": ["10", "11", "3", "4", "6", "8"]}, {"id": ["12", "3", "4", "5", "7"]}, {"id": ["10", "11", "12", "3", "6"]}, {"id": ["11", "12", "3", "5"]}, {"id": ["10", "11", "12", "5"]}, {"id": ["11", "12", "5"]}, {"id": ["10", "12", "5"]}, {"id": ["12", "5"]}, {"id": ["10", "12", "3", "4", "5", "7", "8"]}, {"id": ["12", "3", "4", "5", "7", "8"]}, {"id": ["10", "12", "3", "4", "5", "7", "9"]}, {"id": ["12", "3", "4", "5", "7", "9"]}, {"id": ["12", "3", "4", "5", "7", "8", "9"]}, {"id": ["11", "12", "3", "5", "7"]}, {"id": ["10", "11", "12", "3", "6", "9"]}, {"id": ["10", "11", "12", "5", "9"]}, {"id": ["10", "12", "5", "9"]}, {"id": ["12", "5", "9"]}, {"id": ["10", "11", "6"]}, {"id": ["11", "12", "3", "4", "5", "8"]}, {"id": ["11", "12", "3", "4", "5"]}, {"id": ["11", "12", "3", "4", "5", "7"]}, {"id": ["10", "11", "12", "3", "4", "6"]}, {"id": ["10", "11", "12", "3", "4", "6", "8"]}, {"id": ["10", "11", "12", "6"]}, {"id": ["11", "12", "3", "4", "5", "7", "8"]}, {"id": ["10", "11", "12", "3", "4", "6", "9"]}, {"id": ["10", "11", "12", "3", "4", "6", "8", "9"]}, {"id": ["10", "11", "12", "6", "9"]}], "links": [{"moveID": "6", "edgeID": 9, "source": ["0", "1", "10", "11", "12", "2", "3", "4", "5", "7", "8", "9"], "target": ["0", "1", "10", "11", "12", "2", "3", "4", "5", "6", "7", "8", "9"]}, {"moveID": "1", "edgeID": 1, "source": ["0", "10", "11", "12", "2", "3", "4", "5", "6", "7", "8", "9"], "target": ["0", "1", "10", "11", "12", "2", "3", "4", "5", "6", "7", "8", "9"]}, {"moveID": "6", "edgeID": 9, "source": ["0", "10", "11", "12", "2", "3", "4", "5", "7", "8", "9"], "target": ["0", "10", "11", "12", "2", "3", "4", "5", "6", "7", "8", "9"]}, {"moveID": "1", "edgeID": 14, "source": ["0", "10", "11", "12", "2", "3", "4", "5", "7", "8", "9"], "target": ["0", "1", "10", "11", "12", "2", "3", "4", "5", "7", "8", "9"]}, {"moveID": "11", "edgeID": 16, "source": ["0", "1", "10", "12", "2", "3", "4", "5", "7", "8", "9"], "target": ["0", "1", "10", "11", "12", "2", "3", "4", "5", "7", "8", "9"]}, {"moveID": "1", "edgeID": 1, "source": ["0", "10", "12", "2", "3", "4", "5", "7", "8", "9"], "target": ["0", "1", "10", "12", "2", "3", "4", "5", "7", "8", "9"]}, {"moveID": "11", "edgeID": 16, "source": ["0", "10", "12", "2", "3", "4", "5", "7", "8", "9"], "target": ["0", "10", "11", "12", "2", "3", "4", "5", "7", "8", "9"]}, {"moveID": "0", "edgeID": 25, "source": ["10", "11", "12", "2", "3", "4", "5", "6", "7", "8", "9"], "target": ["0", "10", "11", "12", "2", "3", "4", "5", "6", "7", "8", "9"]}, {"moveID": "6", "edgeID": 9, "source": ["10", "11", "12", "2", "3", "4", "5", "7", "8", "9"], "target": ["10", "11", "12", "2", "3", "4", "5", "6", "7", "8", "9"]}, {"moveID": "0", "edgeID": 25, "source": ["10", "11", "12", "2", "3", "4", "5", "7", "8", "9"], "target": ["0", "10", "11", "12", "2", "3", "4", "5", "7", "8", "9"]}, {"moveID": "11", "edgeID": 16, "source": ["10", "12", "2", "3", "4", "5", "7", "8", "9"], "target": ["10", "11", "12", "2", "3", "4", "5", "7", "8", "9"]}, {"moveID": "0", "edgeID": 46, "source": ["10", "12", "2", "3", "4", "5", "7", "8", "9"], "target": ["0", "10", "12", "2", "3", "4", "5", "7", "8", "9"]}, {"moveID": "10", "edgeID": 37, "source": ["0", "1", "12", "2", "3", "4", "5", "7", "8", "9"], "target": ["0", "1", "10", "12", "2", "3", "4", "5", "7", "8", "9"]}, {"moveID": "1", "edgeID": 1, "source": ["0", "12", "2", "3", "4", "5", "7", "8", "9"], "target": ["0", "1", "12", "2", "3", "4", "5", "7", "8", "9"]}, {"moveID": "10", "edgeID": 47, "source": ["0", "12", "2", "3", "4", "5", "7", "8", "9"], "target": ["0", "10", "12", "2", "3", "4", "5", "7", "8", "9"]}, {"moveID": "0", "edgeID": 25, "source": ["12", "2", "3", "4", "5", "7", "8", "9"], "target": ["0", "12", "2", "3", "4", "5", "7", "8", "9"]}, {"moveID": "10", "edgeID": 75, "source": ["12", "2", "3", "4", "5", "7", "8", "9"], "target": ["10", "12", "2", "3", "4", "5", "7", "8", "9"]}, {"moveID": "2", "edgeID": 59, "source": ["10", "11", "12", "3", "4", "5", "6", "7", "8", "9"], "target": ["10", "11", "12", "2", "3", "4", "5", "6", "7", "8", "9"]}, {"moveID": "6", "edgeID": 9, "source": ["10", "11", "12", "3", "4", "5", "7", "8", "9"], "target": ["10", "11", "12", "3", "4", "5", "6", "7", "8", "9"]}, {"moveID": "2", "edgeID": 68, "source": ["10", "11", "12", "3", "4", "5", "7", "8", "9"], "target": ["10", "11", "12", "2", "3", "4", "5", "7", "8", "9"]}, {"moveID": "11", "edgeID": 16, "source": ["10", "12", "3", "4", "5", "7", "8", "9"], "target": ["10", "11", "12", "3", "4", "5", "7", "8", "9"]}, {"moveID": "2", "edgeID": 77, "source": ["10", "12", "3", "4", "5", "7", "8", "9"], "target": ["10", "12", "2", "3", "4", "5", "7", "8", "9"]}, {"moveID": "12", "edgeID": 93, "source": ["0", "2", "3", "4", "5", "7", "8", "9"], "target": ["0", "12", "2", "3", "4", "5", "7", "8", "9"]}, {"moveID": "1", "edgeID": 1, "source": ["0", "2", "3", "4", "5", "7", "8", "9"], "target": ["0", "1", "2", "3", "4", "5", "7", "8", "9"]}, {"moveID": "12", "edgeID": 85, "source": ["0", "1", "2", "3", "4", "5", "7", "8", "9"], "target": ["0", "1", "12", "2", "3", "4", "5", "7", "8", "9"]}, {"moveID": "0", "edgeID": 25, "source": ["2", "3", "4", "5", "7", "8", "9"], "target": ["0", "2", "3", "4", "5", "7", "8", "9"]}, {"moveID": "12", "edgeID": 93, "source": ["2", "3", "4", "5", "7", "8", "9"], "target": ["12", "2", "3", "4", "5", "7", "8", "9"]}, {"moveID": "2", "edgeID": 59, "source": ["3", "4", "5", "7", "8", "9"], "target": ["2", "3", "4", "5", "7", "8", "9"]}, {"moveID": "12", "edgeID": 93, "source": ["3", "4", "5", "7", "8", "9"], "target": ["12", "3", "4", "5", "7", "8", "9"]}, {"moveID": "7", "edgeID": 107, "source": ["10", "11", "12", "3", "4", "5", "6", "8", "9"], "target": ["10", "11", "12", "3", "4", "5", "6", "7", "8", "9"]}, {"moveID": "8", "edgeID": 108, "source": ["10", "11", "12", "3", "4", "5", "6", "7", "9"], "target": ["10", "11", "12", "3", "4", "5", "6", "7", "8", "9"]}, {"moveID": "6", "edgeID": 9, "source": ["10", "11", "12", "3", "4", "5", "7", "9"], "target": ["10", "11", "12", "3", "4", "5", "6", "7", "9"]}, {"moveID": "8", "edgeID": 116, "source": ["10", "11", "12", "3", "4", "5", "7", "9"], "target": ["10", "11", "12", "3", "4", "5", "7", "8", "9"]}, {"moveID": "7", "edgeID": 107, "source": ["10", "11", "12", "3", "4", "5", "6", "9"], "target": ["10", "11", "12", "3", "4", "5", "6", "7", "9"]}, {"moveID": "8", "edgeID": 108, "source": ["10", "11", "12", "3", "4", "5", "6", "9"], "target": ["10", "11", "12", "3", "4", "5", "6", "8", "9"]}, {"moveID": "9", "edgeID": 109, "source": ["10", "11", "12", "3", "4", "5", "6", "7", "8"], "target": ["10", "11", "12", "3", "4", "5", "6", "7", "8", "9"]}, {"moveID": "6", "edgeID": 9, "source": ["10", "11", "12", "3", "4", "5", "7", "8"], "target": ["10", "11", "12", "3", "4", "5", "6", "7", "8"]}, {"moveID": "9", "edgeID": 117, "source": ["10", "11", "12", "3", "4", "5", "7", "8"], "target": ["10", "11", "12", "3", "4", "5", "7", "8", "9"]}, {"moveID": "7", "edgeID": 107, "source": ["10", "11", "12", "3", "4", "5", "6", "8"], "target": ["10", "11", "12", "3", "4", "5", "6", "7", "8"]}, {"moveID": "9", "edgeID": 109, "source": ["10", "11", "12", "3", "4", "5", "6", "8"], "target": ["10", "11", "12", "3", "4", "5", "6", "8", "9"]}, {"moveID": "8", "edgeID": 108, "source": ["10", "11", "12", "3", "4", "5", "6", "7"], "target": ["10", "11", "12", "3", "4", "5", "6", "7", "8"]}, {"moveID": "9", "edgeID": 151, "source": ["10", "11", "12", "3", "4", "5", "6", "7"], "target": ["10", "11", "12", "3", "4", "5", "6", "7", "9"]}, {"moveID": "7", "edgeID": 115, "source": ["10", "11", "12", "3", "4", "5", "8", "9"], "target": ["10", "11", "12", "3", "4", "5", "7", "8", "9"]}, {"moveID": "6", "edgeID": 9, "source": ["10", "11", "12", "3", "4", "5", "8", "9"], "target": ["10", "11", "12", "3", "4", "5", "6", "8", "9"]}, {"moveID": "11", "edgeID": 16, "source": ["10", "12", "3", "4", "5", "8", "9"], "target": ["10", "11", "12", "3", "4", "5", "8", "9"]}, {"moveID": "7", "edgeID": 107, "source": ["10", "12", "3", "4", "5", "8", "9"], "target": ["10", "12", "3", "4", "5", "7", "8", "9"]}, {"moveID": "8", "edgeID": 108, "source": ["10", "11", "12", "3", "4", "5", "9"], "target": ["10", "11", "12", "3", "4", "5", "8", "9"]}, {"moveID": "6", "edgeID": 9, "source": ["10", "11", "12", "3", "4", "5", "9"], "target": ["10", "11", "12", "3", "4", "5", "6", "9"]}, {"moveID": "7", "edgeID": 107, "source": ["10", "11", "12", "3", "4", "5", "9"], "target": ["10", "11", "12", "3", "4", "5", "7", "9"]}, {"moveID": "9", "edgeID": 109, "source": ["10", "11", "12", "3", "4", "5", "8"], "target": ["10", "11", "12", "3", "4", "5", "8", "9"]}, {"moveID": "6", "edgeID": 9, "source": ["10", "11", "12", "3", "4", "5", "8"], "target": ["10", "11", "12", "3", "4", "5", "6", "8"]}, {"moveID": "7", "edgeID": 107, "source": ["10", "11", "12", "3", "4", "5", "8"], "target": ["10", "11", "12", "3", "4", "5", "7", "8"]}, {"moveID": "9", "edgeID": 125, "source": ["0", "1", "2", "3", "4", "5", "7", "8"], "target": ["0", "1", "2", "3", "4", "5", "7", "8", "9"]}, {"moveID": "9", "edgeID": 132, "source": ["0", "2", "3", "4", "5", "7", "8"], "target": ["0", "2", "3", "4", "5", "7", "8", "9"]}, {"moveID": "1", "edgeID": 1, "source": ["0", "2", "3", "4", "5", "7", "8"], "target": ["0", "1", "2", "3", "4", "5", "7", "8"]}, {"moveID": "0", "edgeID": 25, "source": ["2", "3", "4", "5", "7", "8"], "target": ["0", "2", "3", "4", "5", "7", "8"]}, {"moveID": "9", "edgeID": 138, "source": ["2", "3", "4", "5", "7", "8"], "target": ["2", "3", "4", "5", "7", "8", "9"]}, {"moveID": "2", "edgeID": 59, "source": ["3", "4", "5", "7", "8"], "target": ["2", "3", "4", "5", "7", "8"]}, {"moveID": "9", "edgeID": 144, "source": ["3", "4", "5", "7", "8"], "target": ["3", "4", "5", "7", "8", "9"]}, {"moveID": "11", "edgeID": 16, "source": ["3", "4", "5", "7", "8"], "target": ["11", "3", "4", "5", "7", "8"]}, {"moveID": "6", "edgeID": 9, "source": ["3", "4", "5", "7", "8"], "target": ["3", "4", "5", "6", "7", "8"]}, {"moveID": "10", "edgeID": 37, "source": ["3", "4", "5", "7", "8"], "target": ["10", "3", "4", "5", "7", "8"]}, {"moveID": "12", "edgeID": 93, "source": ["3", "4", "5", "7", "8"], "target": ["12", "3", "4", "5", "7", "8"]}, {"moveID": "7", "edgeID": 107, "source": ["3", "4", "5", "8"], "target": ["3", "4", "5", "7", "8"]}, {"moveID": "11", "edgeID": 16, "source": ["3", "4", "5", "8"], "target": ["11", "3", "4", "5", "8"]}, {"moveID": "6", "edgeID": 9, "source": ["3", "4", "5", "8"], "target": ["3", "4", "5", "6", "8"]}, {"moveID": "10", "edgeID": 37, "source": ["3", "4", "5", "8"], "target": ["10", "3", "4", "5", "8"]}, {"moveID": "9", "edgeID": 109, "source": ["3", "4", "5", "8"], "target": ["3", "4", "5", "8", "9"]}, {"moveID": "12", "edgeID": 93, "source": ["3", "4", "5", "8"], "target": ["12", "3", "4", "5", "8"]}, {"moveID": "8", "edgeID": 108, "source": ["3", "4", "5", "7"], "target": ["3", "4", "5", "7", "8"]}, {"moveID": "9", "edgeID": 109, "source": ["3", "4", "5", "7"], "target": ["3", "4", "5", "7", "9"]}, {"moveID": "11", "edgeID": 16, "source": ["3", "4", "5", "7"], "target": ["11", "3", "4", "5", "7"]}, {"moveID": "6", "edgeID": 9, "source": ["3", "4", "5", "7"], "target": ["3", "4", "5", "6", "7"]}, {"moveID": "10", "edgeID": 37, "source": ["3", "4", "5", "7"], "target": ["10", "3", "4", "5", "7"]}, {"moveID": "12", "edgeID": 93, "source": ["3", "4", "5", "7"], "target": ["12", "3", "4", "5", "7"]}, {"moveID": "7", "edgeID": 107, "source": ["3", "4", "5"], "target": ["3", "4", "5", "7"]}, {"moveID": "11", "edgeID": 16, "source": ["3", "4", "5"], "target": ["11", "3", "4", "5"]}, {"moveID": "6", "edgeID": 9, "source": ["3", "4", "5"], "target": ["3", "4", "5", "6"]}, {"moveID": "10", "edgeID": 37, "source": ["3", "4", "5"], "target": ["10", "3", "4", "5"]}, {"moveID": "9", "edgeID": 109, "source": ["3", "4", "5"], "target": ["3", "4", "5", "9"]}, {"moveID": "8", "edgeID": 108, "source": ["3", "4", "5"], "target": ["3", "4", "5", "8"]}, {"moveID": "12", "edgeID": 93, "source": ["3", "4", "5"], "target": ["12", "3", "4", "5"]}, {"moveID": "7", "edgeID": 142, "source": ["3", "4", "5", "8", "9"], "target": ["3", "4", "5", "7", "8", "9"]}, {"moveID": "12", "edgeID": 93, "source": ["3", "4", "5", "8", "9"], "target": ["12", "3", "4", "5", "8", "9"]}, {"moveID": "8", "edgeID": 143, "source": ["3", "4", "5", "7", "9"], "target": ["3", "4", "5", "7", "8", "9"]}, {"moveID": "12", "edgeID": 93, "source": ["3", "4", "5", "7", "9"], "target": ["12", "3", "4", "5", "7", "9"]}, {"moveID": "7", "edgeID": 107, "source": ["3", "4", "5", "9"], "target": ["3", "4", "5", "7", "9"]}, {"moveID": "8", "edgeID": 108, "source": ["3", "4", "5", "9"], "target": ["3", "4", "5", "8", "9"]}, {"moveID": "12", "edgeID": 93, "source": ["3", "4", "5", "9"], "target": ["12", "3", "4", "5", "9"]}, {"moveID": "4", "edgeID": 149, "source": ["10", "11", "12", "3", "5", "6", "7", "9"], "target": ["10", "11", "12", "3", "4", "5", "6", "7", "9"]}, {"moveID": "6", "edgeID": 9, "source": ["10", "11", "12", "3", "5", "7", "9"], "target": ["10", "11", "12", "3", "5", "6", "7", "9"]}, {"moveID": "4", "edgeID": 149, "source": ["10", "11", "12", "3", "5", "7", "9"], "target": ["10", "11", "12", "3", "4", "5", "7", "9"]}, {"moveID": "7", "edgeID": 107, "source": ["10", "11", "12", "3", "5", "6", "9"], "target": ["10", "11", "12", "3", "5", "6", "7", "9"]}, {"moveID": "4", "edgeID": 149, "source": ["10", "11", "12", "3", "5", "6", "9"], "target": ["10", "11", "12", "3", "4", "5", "6", "9"]}, {"moveID": "9", "edgeID": 109, "source": ["10", "11", "12", "3", "5", "6", "7"], "target": ["10", "11", "12", "3", "5", "6", "7", "9"]}, {"moveID": "4", "edgeID": 149, "source": ["10", "11", "12", "3", "5", "6", "7"], "target": ["10", "11", "12", "3", "4", "5", "6", "7"]}, {"moveID": "6", "edgeID": 9, "source": ["10", "11", "12", "3", "5", "7"], "target": ["10", "11", "12", "3", "5", "6", "7"]}, {"moveID": "9", "edgeID": 109, "source": ["10", "11", "12", "3", "5", "7"], "target": ["10", "11", "12", "3", "5", "7", "9"]}, {"moveID": "4", "edgeID": 149, "source": ["10", "11", "12", "3", "5", "7"], "target": ["10", "11", "12", "3", "4", "5", "7"]}, {"moveID": "7", "edgeID": 107, "source": ["10", "11", "12", "3", "5", "6"], "target": ["10", "11", "12", "3", "5", "6", "7"]}, {"moveID": "9", "edgeID": 109, "source": ["10", "11", "12", "3", "5", "6"], "target": ["10", "11", "12", "3", "5", "6", "9"]}, {"moveID": "4", "edgeID": 149, "source": ["10", "11", "12", "3", "5", "6"], "target": ["10", "11", "12", "3", "4", "5", "6"]}, {"moveID": "12", "edgeID": 154, "source": ["10", "11", "3", "4", "5", "6", "7", "8"], "target": ["10", "11", "12", "3", "4", "5", "6", "7", "8"]}, {"moveID": "6", "edgeID": 9, "source": ["10", "11", "3", "4", "5", "7", "8"], "target": ["10", "11", "3", "4", "5", "6", "7", "8"]}, {"moveID": "12", "edgeID": 154, "source": ["10", "11", "3", "4", "5", "7", "8"], "target": ["10", "11", "12", "3", "4", "5", "7", "8"]}, {"moveID": "7", "edgeID": 107, "source": ["10", "11", "3", "4", "5", "6", "8"], "target": ["10", "11", "3", "4", "5", "6", "7", "8"]}, {"moveID": "12", "edgeID": 154, "source": ["10", "11", "3", "4", "5", "6", "8"], "target": ["10", "11", "12", "3", "4", "5", "6", "8"]}, {"moveID": "8", "edgeID": 108, "source": ["10", "11", "3", "4", "5", "6", "7"], "target": ["10", "11", "3", "4", "5", "6", "7", "8"]}, {"moveID": "12", "edgeID": 154, "source": ["10", "11", "3", "4", "5", "6", "7"], "target": ["10", "11", "12", "3", "4", "5", "6", "7"]}, {"moveID": "4", "edgeID": 149, "source": ["10", "11", "3", "5", "6", "7"], "target": ["10", "11", "3", "4", "5", "6", "7"]}, {"moveID": "12", "edgeID": 190, "source": ["10", "11", "3", "5", "6", "7"], "target": ["10", "11", "12", "3", "5", "6", "7"]}, {"moveID": "6", "edgeID": 9, "source": ["10", "11", "3", "4", "5", "7"], "target": ["10", "11", "3", "4", "5", "6", "7"]}, {"moveID": "8", "edgeID": 108, "source": ["10", "11", "3", "4", "5", "7"], "target": ["10", "11", "3", "4", "5", "7", "8"]}, {"moveID": "12", "edgeID": 154, "source": ["10", "11", "3", "4", "5", "7"], "target": ["10", "11", "12", "3", "4", "5", "7"]}, {"moveID": "7", "edgeID": 107, "source": ["10", "11", "3", "4", "5", "6"], "target": ["10", "11", "3", "4", "5", "6", "7"]}, {"moveID": "8", "edgeID": 108, "source": ["10", "11", "3", "4", "5", "6"], "target": ["10", "11", "3", "4", "5", "6", "8"]}, {"moveID": "12", "edgeID": 154, "source": ["10", "11", "3", "4", "5", "6"], "target": ["10", "11", "12", "3", "4", "5", "6"]}, {"moveID": "5", "edgeID": 162, "source": ["10", "11", "12", "3", "4", "8", "9"], "target": ["10", "11", "12", "3", "4", "5", "8", "9"]}, {"moveID": "6", "edgeID": 9, "source": ["10", "11", "12", "3", "4", "8", "9"], "target": ["10", "11", "12", "3", "4", "6", "8", "9"]}, {"moveID": "11", "edgeID": 16, "source": ["10", "12", "3", "4", "8", "9"], "target": ["10", "11", "12", "3", "4", "8", "9"]}, {"moveID": "5", "edgeID": 162, "source": ["10", "12", "3", "4", "8", "9"], "target": ["10", "12", "3", "4", "5", "8", "9"]}, {"moveID": "8", "edgeID": 108, "source": ["10", "11", "12", "3", "4", "9"], "target": ["10", "11", "12", "3", "4", "8", "9"]}, {"moveID": "5", "edgeID": 162, "source": ["10", "11", "12", "3", "4", "9"], "target": ["10", "11", "12", "3", "4", "5", "9"]}, {"moveID": "6", "edgeID": 9, "source": ["10", "11", "12", "3", "4", "9"], "target": ["10", "11", "12", "3", "4", "6", "9"]}, {"moveID": "9", "edgeID": 109, "source": ["10", "11", "12", "3", "4", "8"], "target": ["10", "11", "12", "3", "4", "8", "9"]}, {"moveID": "5", "edgeID": 162, "source": ["10", "11", "12", "3", "4", "8"], "target": ["10", "11", "12", "3", "4", "5", "8"]}, {"moveID": "6", "edgeID": 9, "source": ["10", "11", "12", "3", "4", "8"], "target": ["10", "11", "12", "3", "4", "6", "8"]}, {"moveID": "11", "edgeID": 16, "source": ["10", "12", "3", "4", "8"], "target": ["10", "11", "12", "3", "4", "8"]}, {"moveID": "9", "edgeID": 109, "source": ["10", "12", "3", "4", "8"], "target": ["10", "12", "3", "4", "8", "9"]}, {"moveID": "5", "edgeID": 162, "source": ["10", "12", "3", "4", "8"], "target": ["10", "12", "3", "4", "5", "8"]}, {"moveID": "12", "edgeID": 154, "source": ["10", "11", "3", "4", "8"], "target": ["10", "11", "12", "3", "4", "8"]}, {"moveID": "5", "edgeID": 162, "source": ["10", "11", "3", "4", "8"], "target": ["10", "11", "3", "4", "5", "8"]}, {"moveID": "6", "edgeID": 9, "source": ["10", "11", "3", "4", "8"], "target": ["10", "11", "3", "4", "6", "8"]}, {"moveID": "8", "edgeID": 108, "source": ["10", "11", "12", "3", "4"], "target": ["10", "11", "12", "3", "4", "8"]}, {"moveID": "9", "edgeID": 109, "source": ["10", "11", "12", "3", "4"], "target": ["10", "11", "12", "3", "4", "9"]}, {"moveID": "5", "edgeID": 162, "source": ["10", "11", "12", "3", "4"], "target": ["10", "11", "12", "3", "4", "5"]}, {"moveID": "6", "edgeID": 9, "source": ["10", "11", "12", "3", "4"], "target": ["10", "11", "12", "3", "4", "6"]}, {"moveID": "4", "edgeID": 178, "source": ["3", "5", "7"], "target": ["3", "4", "5", "7"]}, {"moveID": "9", "edgeID": 109, "source": ["3", "5", "7"], "target": ["3", "5", "7", "9"]}, {"moveID": "11", "edgeID": 16, "source": ["3", "5", "7"], "target": ["11", "3", "5", "7"]}, {"moveID": "6", "edgeID": 9, "source": ["3", "5", "7"], "target": ["3", "5", "6", "7"]}, {"moveID": "10", "edgeID": 37, "source": ["3", "5", "7"], "target": ["10", "3", "5", "7"]}, {"moveID": "12", "edgeID": 93, "source": ["3", "5", "7"], "target": ["12", "3", "5", "7"]}, {"moveID": "7", "edgeID": 107, "source": ["3", "5"], "target": ["3", "5", "7"]}, {"moveID": "9", "edgeID": 109, "source": ["3", "5"], "target": ["3", "5", "9"]}, {"moveID": "11", "edgeID": 16, "source": ["3", "5"], "target": ["11", "3", "5"]}, {"moveID": "6", "edgeID": 9, "source": ["3", "5"], "target": ["3", "5", "6"]}, {"moveID": "10", "edgeID": 37, "source": ["3", "5"], "target": ["10", "3", "5"]}, {"moveID": "12", "edgeID": 93, "source": ["3", "5"], "target": ["12", "3", "5"]}, {"moveID": "4", "edgeID": 149, "source": ["3", "5"], "target": ["3", "4", "5"]}, {"moveID": "5", "edgeID": 162, "source": ["3"], "target": ["3", "5"]}, {"moveID": "9", "edgeID": 109, "source": ["3"], "target": ["3", "9"]}, {"moveID": "10", "edgeID": 37, "source": ["3"], "target": ["10", "3"]}, {"moveID": "12", "edgeID": 93, "source": ["3"], "target": ["12", "3"]}, {"moveID": "11", "edgeID": 16, "source": ["3"], "target": ["11", "3"]}, {"moveID": "4", "edgeID": 149, "source": ["3"], "target": ["3", "4"]}, {"moveID": "6", "edgeID": 9, "source": ["3"], "target": ["3", "6"]}, {"moveID": "4", "edgeID": 181, "source": ["3", "5", "7", "9"], "target": ["3", "4", "5", "7", "9"]}, {"moveID": "12", "edgeID": 93, "source": ["3", "5", "7", "9"], "target": ["12", "3", "5", "7", "9"]}, {"moveID": "7", "edgeID": 107, "source": ["3", "5", "9"], "target": ["3", "5", "7", "9"]}, {"moveID": "12", "edgeID": 93, "source": ["3", "5", "9"], "target": ["12", "3", "5", "9"]}, {"moveID": "4", "edgeID": 149, "source": ["3", "5", "9"], "target": ["3", "4", "5", "9"]}, {"moveID": "5", "edgeID": 162, "source": ["3", "9"], "target": ["3", "5", "9"]}, {"moveID": "12", "edgeID": 93, "source": ["3", "9"], "target": ["12", "3", "9"]}, {"moveID": "4", "edgeID": 149, "source": ["3", "9"], "target": ["3", "4", "9"]}, {"moveID": "11", "edgeID": 16, "source": ["10", "12", "3", "4"], "target": ["10", "11", "12", "3", "4"]}, {"moveID": "8", "edgeID": 108, "source": ["10", "12", "3", "4"], "target": ["10", "12", "3", "4", "8"]}, {"moveID": "9", "edgeID": 109, "source": ["10", "12", "3", "4"], "target": ["10", "12", "3", "4", "9"]}, {"moveID": "5", "edgeID": 162, "source": ["10", "12", "3", "4"], "target": ["10", "12", "3", "4", "5"]}, {"moveID": "12", "edgeID": 154, "source": ["10", "11", "3", "4"], "target": ["10", "11", "12", "3", "4"]}, {"moveID": "8", "edgeID": 108, "source": ["10", "11", "3", "4"], "target": ["10", "11", "3", "4", "8"]}, {"moveID": "5", "edgeID": 162, "source": ["10", "11", "3", "4"], "target": ["10", "11", "3", "4", "5"]}, {"moveID": "6", "edgeID": 9, "source": ["10", "11", "3", "4"], "target": ["10", "11", "3", "4", "6"]}, {"moveID": "4", "edgeID": 149, "source": ["10", "11", "12", "3"], "target": ["10", "11", "12", "3", "4"]}, {"moveID": "9", "edgeID": 109, "source": ["10", "11", "12", "3"], "target": ["10", "11", "12", "3", "9"]}, {"moveID": "5", "edgeID": 162, "source": ["10", "11", "12", "3"], "target": ["10", "11", "12", "3", "5"]}, {"moveID": "6", "edgeID": 9, "source": ["10", "11", "12", "3"], "target": ["10", "11", "12", "3", "6"]}, {"moveID": "11", "edgeID": 16, "source": ["10", "12", "3"], "target": ["10", "11", "12", "3"]}, {"moveID": "4", "edgeID": 149, "source": ["10", "12", "3"], "target": ["10", "12", "3", "4"]}, {"moveID": "9", "edgeID": 109, "source": ["10", "12", "3"], "target": ["10", "12", "3", "9"]}, {"moveID": "5", "edgeID": 162, "source": ["10", "12", "3"], "target": ["10", "12", "3", "5"]}, {"moveID": "12", "edgeID": 154, "source": ["10", "11", "3"], "target": ["10", "11", "12", "3"]}, {"moveID": "4", "edgeID": 149, "source": ["10", "11", "3"], "target": ["10", "11", "3", "4"]}, {"moveID": "5", "edgeID": 162, "source": ["10", "11", "3"], "target": ["10", "11", "3", "5"]}, {"moveID": "6", "edgeID": 9, "source": ["10", "11", "3"], "target": ["10", "11", "3", "6"]}, {"moveID": "11", "edgeID": 16, "source": ["10", "3"], "target": ["10", "11", "3"]}, {"moveID": "12", "edgeID": 154, "source": ["10", "3"], "target": ["10", "12", "3"]}, {"moveID": "4", "edgeID": 149, "source": ["10", "3"], "target": ["10", "3", "4"]}, {"moveID": "5", "edgeID": 162, "source": ["10", "3"], "target": ["10", "3", "5"]}, {"moveID": "10", "edgeID": 37, "source": ["12", "3"], "target": ["10", "12", "3"]}, {"moveID": "11", "edgeID": 16, "source": ["12", "3"], "target": ["11", "12", "3"]}, {"moveID": "4", "edgeID": 149, "source": ["12", "3"], "target": ["12", "3", "4"]}, {"moveID": "9", "edgeID": 109, "source": ["12", "3"], "target": ["12", "3", "9"]}, {"moveID": "5", "edgeID": 162, "source": ["12", "3"], "target": ["12", "3", "5"]}, {"moveID": "3", "edgeID": -1, "source": [], "target": ["3"]}, {"moveID": "5", "edgeID": 162, "source": [], "target": ["5"]}, {"moveID": "9", "edgeID": 109, "source": [], "target": ["9"]}, {"moveID": "10", "edgeID": 37, "source": [], "target": ["10"]}, {"moveID": "11", "edgeID": 16, "source": [], "target": ["11"]}, {"moveID": "12", "edgeID": 93, "source": [], "target": ["12"]}, {"moveID": "4", "edgeID": 149, "source": [], "target": ["4"]}, {"moveID": "6", "edgeID": 9, "source": [], "target": ["6"]}, {"moveID": "11", "edgeID": 16, "source": ["10", "3", "4"], "target": ["10", "11", "3", "4"]}, {"moveID": "12", "edgeID": 154, "source": ["10", "3", "4"], "target": ["10", "12", "3", "4"]}, {"moveID": "8", "edgeID": 108, "source": ["10", "3", "4"], "target": ["10", "3", "4", "8"]}, {"moveID": "5", "edgeID": 162, "source": ["10", "3", "4"], "target": ["10", "3", "4", "5"]}, {"moveID": "10", "edgeID": 193, "source": ["11", "3", "4", "5", "6", "7", "8"], "target": ["10", "11", "3", "4", "5", "6", "7", "8"]}, {"moveID": "3", "edgeID": 211, "source": ["5"], "target": ["3", "5"]}, {"moveID": "9", "edgeID": 109, "source": ["5"], "target": ["5", "9"]}, {"moveID": "11", "edgeID": 16, "source": ["5"], "target": ["11", "5"]}, {"moveID": "10", "edgeID": 37, "source": ["5"], "target": ["10", "5"]}, {"moveID": "12", "edgeID": 93, "source": ["5"], "target": ["12", "5"]}, {"moveID": "6", "edgeID": 9, "source": ["11", "3", "4", "5", "7", "8"], "target": ["11", "3", "4", "5", "6", "7", "8"]}, {"moveID": "10", "edgeID": 193, "source": ["11", "3", "4", "5", "7", "8"], "target": ["10", "11", "3", "4", "5", "7", "8"]}, {"moveID": "12", "edgeID": 154, "source": ["11", "3", "4", "5", "7", "8"], "target": ["11", "12", "3", "4", "5", "7", "8"]}, {"moveID": "7", "edgeID": 107, "source": ["11", "3", "4", "5", "6", "8"], "target": ["11", "3", "4", "5", "6", "7", "8"]}, {"moveID": "10", "edgeID": 193, "source": ["11", "3", "4", "5", "6", "8"], "target": ["10", "11", "3", "4", "5", "6", "8"]}, {"moveID": "8", "edgeID": 108, "source": ["11", "3", "4", "5", "6", "7"], "target": ["11", "3", "4", "5", "6", "7", "8"]}, {"moveID": "10", "edgeID": 198, "source": ["11", "3", "4", "5", "6", "7"], "target": ["10", "11", "3", "4", "5", "6", "7"]}, {"moveID": "10", "edgeID": 206, "source": ["11", "12", "3", "4", "8"], "target": ["10", "11", "12", "3", "4", "8"]}, {"moveID": "5", "edgeID": 162, "source": ["11", "12", "3", "4", "8"], "target": ["11", "12", "3", "4", "5", "8"]}, {"moveID": "11", "edgeID": 16, "source": ["12", "3", "4", "8"], "target": ["11", "12", "3", "4", "8"]}, {"moveID": "10", "edgeID": 37, "source": ["12", "3", "4", "8"], "target": ["10", "12", "3", "4", "8"]}, {"moveID": "9", "edgeID": 109, "source": ["12", "3", "4", "8"], "target": ["12", "3", "4", "8", "9"]}, {"moveID": "5", "edgeID": 162, "source": ["12", "3", "4", "8"], "target": ["12", "3", "4", "5", "8"]}, {"moveID": "12", "edgeID": 154, "source": ["11", "3", "4", "8"], "target": ["11", "12", "3", "4", "8"]}, {"moveID": "5", "edgeID": 162, "source": ["11", "3", "4", "8"], "target": ["11", "3", "4", "5", "8"]}, {"moveID": "10", "edgeID": 193, "source": ["11", "3", "4", "8"], "target": ["10", "11", "3", "4", "8"]}, {"moveID": "6", "edgeID": 9, "source": ["11", "3", "4", "8"], "target": ["11", "3", "4", "6", "8"]}, {"moveID": "8", "edgeID": 108, "source": ["11", "12", "3", "4"], "target": ["11", "12", "3", "4", "8"]}, {"moveID": "10", "edgeID": 217, "source": ["11", "12", "3", "4"], "target": ["10", "11", "12", "3", "4"]}, {"moveID": "5", "edgeID": 162, "source": ["11", "12", "3", "4"], "target": ["11", "12", "3", "4", "5"]}, {"moveID": "11", "edgeID": 16, "source": ["12", "3", "4"], "target": ["11", "12", "3", "4"]}, {"moveID": "8", "edgeID": 108, "source": ["12", "3", "4"], "target": ["12", "3", "4", "8"]}, {"moveID": "10", "edgeID": 37, "source": ["12", "3", "4"], "target": ["10", "12", "3", "4"]}, {"moveID": "9", "edgeID": 109, "source": ["12", "3", "4"], "target": ["12", "3", "4", "9"]}, {"moveID": "5", "edgeID": 162, "source": ["12", "3", "4"], "target": ["12", "3", "4", "5"]}, {"moveID": "12", "edgeID": 154, "source": ["11", "3", "4"], "target": ["11", "12", "3", "4"]}, {"moveID": "8", "edgeID": 108, "source": ["11", "3", "4"], "target": ["11", "3", "4", "8"]}, {"moveID": "5", "edgeID": 162, "source": ["11", "3", "4"], "target": ["11", "3", "4", "5"]}, {"moveID": "10", "edgeID": 226, "source": ["11", "3", "4"], "target": ["10", "11", "3", "4"]}, {"moveID": "6", "edgeID": 9, "source": ["11", "3", "4"], "target": ["11", "3", "4", "6"]}, {"moveID": "4", "edgeID": 149, "source": ["11", "12", "3"], "target": ["11", "12", "3", "4"]}, {"moveID": "10", "edgeID": 219, "source": ["11", "12", "3"], "target": ["10", "11", "12", "3"]}, {"moveID": "5", "edgeID": 162, "source": ["11", "12", "3"], "target": ["11", "12", "3", "5"]}, {"moveID": "3", "edgeID": 215, "source": ["5", "9"], "target": ["3", "5", "9"]}, {"moveID": "12", "edgeID": 93, "source": ["5", "9"], "target": ["12", "5", "9"]}, {"moveID": "5", "edgeID": 162, "source": ["9"], "target": ["5", "9"]}, {"moveID": "3", "edgeID": 216, "source": ["9"], "target": ["3", "9"]}, {"moveID": "12", "edgeID": 93, "source": ["9"], "target": ["12", "9"]}, {"moveID": "4", "edgeID": 149, "source": ["9"], "target": ["4", "9"]}, {"moveID": "12", "edgeID": 154, "source": ["11", "3"], "target": ["11", "12", "3"]}, {"moveID": "4", "edgeID": 149, "source": ["11", "3"], "target": ["11", "3", "4"]}, {"moveID": "10", "edgeID": 221, "source": ["11", "3"], "target": ["10", "11", "3"]}, {"moveID": "5", "edgeID": 162, "source": ["11", "3"], "target": ["11", "3", "5"]}, {"moveID": "6", "edgeID": 9, "source": ["11", "3"], "target": ["11", "3", "6"]}, {"moveID": "11", "edgeID": 16, "source": ["3", "4"], "target": ["11", "3", "4"]}, {"moveID": "12", "edgeID": 93, "source": ["3", "4"], "target": ["12", "3", "4"]}, {"moveID": "8", "edgeID": 108, "source": ["3", "4"], "target": ["3", "4", "8"]}, {"moveID": "10", "edgeID": 37, "source": ["3", "4"], "target": ["10", "3", "4"]}, {"moveID": "6", "edgeID": 9, "source": ["3", "4"], "target": ["3", "4", "6"]}, {"moveID": "9", "edgeID": 109, "source": ["3", "4"], "target": ["3", "4", "9"]}, {"moveID": "5", "edgeID": 162, "source": ["3", "4"], "target": ["3", "4", "5"]}, {"moveID": "3", "edgeID": 218, "source": ["10", "11", "12", "4"], "target": ["10", "11", "12", "3", "4"]}, {"moveID": "9", "edgeID": 109, "source": ["10", "11", "12", "4"], "target": ["10", "11", "12", "4", "9"]}, {"moveID": "10", "edgeID": 206, "source": ["11", "12", "4"], "target": ["10", "11", "12", "4"]}, {"moveID": "3", "edgeID": 234, "source": ["11", "12", "4"], "target": ["11", "12", "3", "4"]}, {"moveID": "11", "edgeID": 16, "source": ["10", "12", "4"], "target": ["10", "11", "12", "4"]}, {"moveID": "3", "edgeID": 218, "source": ["10", "12", "4"], "target": ["10", "12", "3", "4"]}, {"moveID": "9", "edgeID": 109, "source": ["10", "12", "4"], "target": ["10", "12", "4", "9"]}, {"moveID": "12", "edgeID": 154, "source": ["10", "11", "4"], "target": ["10", "11", "12", "4"]}, {"moveID": "3", "edgeID": 227, "source": ["10", "11", "4"], "target": ["10", "11", "3", "4"]}, {"moveID": "4", "edgeID": 149, "source": ["10", "11", "12"], "target": ["10", "11", "12", "4"]}, {"moveID": "3", "edgeID": 220, "source": ["10", "11", "12"], "target": ["10", "11", "12", "3"]}, {"moveID": "9", "edgeID": 109, "source": ["10", "11", "12"], "target": ["10", "11", "12", "9"]}, {"moveID": "5", "edgeID": 162, "source": ["10", "11", "12"], "target": ["10", "11", "12", "5"]}, {"moveID": "6", "edgeID": 9, "source": ["10", "11", "12"], "target": ["10", "11", "12", "6"]}, {"moveID": "10", "edgeID": 206, "source": ["11", "12"], "target": ["10", "11", "12"]}, {"moveID": "4", "edgeID": 149, "source": ["11", "12"], "target": ["11", "12", "4"]}, {"moveID": "3", "edgeID": 235, "source": ["11", "12"], "target": ["11", "12", "3"]}, {"moveID": "5", "edgeID": 162, "source": ["11", "12"], "target": ["11", "12", "5"]}, {"moveID": "11", "edgeID": 16, "source": ["10", "12"], "target": ["10", "11", "12"]}, {"moveID": "4", "edgeID": 149, "source": ["10", "12"], "target": ["10", "12", "4"]}, {"moveID": "3", "edgeID": 224, "source": ["10", "12"], "target": ["10", "12", "3"]}, {"moveID": "9", "edgeID": 109, "source": ["10", "12"], "target": ["10", "12", "9"]}, {"moveID": "5", "edgeID": 162, "source": ["10", "12"], "target": ["10", "12", "5"]}, {"moveID": "12", "edgeID": 154, "source": ["10", "11"], "target": ["10", "11", "12"]}, {"moveID": "4", "edgeID": 149, "source": ["10", "11"], "target": ["10", "11", "4"]}, {"moveID": "3", "edgeID": 222, "source": ["10", "11"], "target": ["10", "11", "3"]}, {"moveID": "5", "edgeID": 162, "source": ["10", "11"], "target": ["10", "11", "5"]}, {"moveID": "6", "edgeID": 9, "source": ["10", "11"], "target": ["10", "11", "6"]}, {"moveID": "10", "edgeID": 193, "source": ["11"], "target": ["10", "11"]}, {"moveID": "12", "edgeID": 154, "source": ["11"], "target": ["11", "12"]}, {"moveID": "4", "edgeID": 149, "source": ["11"], "target": ["11", "4"]}, {"moveID": "3", "edgeID": 236, "source": ["11"], "target": ["11", "3"]}, {"moveID": "5", "edgeID": 162, "source": ["11"], "target": ["11", "5"]}, {"moveID": "6", "edgeID": 9, "source": ["11"], "target": ["11", "6"]}, {"moveID": "11", "edgeID": 16, "source": ["10"], "target": ["10", "11"]}, {"moveID": "12", "edgeID": 154, "source": ["10"], "target": ["10", "12"]}, {"moveID": "4", "edgeID": 149, "source": ["10"], "target": ["10", "4"]}, {"moveID": "3", "edgeID": 223, "source": ["10"], "target": ["10", "3"]}, {"moveID": "5", "edgeID": 162, "source": ["10"], "target": ["10", "5"]}, {"moveID": "10", "edgeID": 37, "source": ["12"], "target": ["10", "12"]}, {"moveID": "11", "edgeID": 16, "source": ["12"], "target": ["11", "12"]}, {"moveID": "4", "edgeID": 149, "source": ["12"], "target": ["12", "4"]}, {"moveID": "3", "edgeID": 225, "source": ["12"], "target": ["12", "3"]}, {"moveID": "9", "edgeID": 109, "source": ["12"], "target": ["12", "9"]}, {"moveID": "5", "edgeID": 162, "source": ["12"], "target": ["12", "5"]}, {"moveID": "10", "edgeID": 193, "source": ["11", "4"], "target": ["10", "11", "4"]}, {"moveID": "12", "edgeID": 154, "source": ["11", "4"], "target": ["11", "12", "4"]}, {"moveID": "3", "edgeID": 237, "source": ["11", "4"], "target": ["11", "3", "4"]}, {"moveID": "11", "edgeID": 16, "source": ["10", "4"], "target": ["10", "11", "4"]}, {"moveID": "12", "edgeID": 154, "source": ["10", "4"], "target": ["10", "12", "4"]}, {"moveID": "3", "edgeID": 218, "source": ["10", "4"], "target": ["10", "3", "4"]}, {"moveID": "10", "edgeID": 37, "source": ["4"], "target": ["10", "4"]}, {"moveID": "11", "edgeID": 16, "source": ["4"], "target": ["11", "4"]}, {"moveID": "12", "edgeID": 93, "source": ["4"], "target": ["12", "4"]}, {"moveID": "3", "edgeID": 218, "source": ["4"], "target": ["3", "4"]}, {"moveID": "9", "edgeID": 109, "source": ["4"], "target": ["4", "9"]}, {"moveID": "10", "edgeID": 37, "source": ["12", "4"], "target": ["10", "12", "4"]}, {"moveID": "11", "edgeID": 16, "source": ["12", "4"], "target": ["11", "12", "4"]}, {"moveID": "3", "edgeID": 218, "source": ["12", "4"], "target": ["12", "3", "4"]}, {"moveID": "9", "edgeID": 109, "source": ["12", "4"], "target": ["12", "4", "9"]}, {"moveID": "11", "edgeID": 16, "source": ["3", "4", "8"], "target": ["11", "3", "4", "8"]}, {"moveID": "12", "edgeID": 93, "source": ["3", "4", "8"], "target": ["12", "3", "4", "8"]}, {"moveID": "10", "edgeID": 37, "source": ["3", "4", "8"], "target": ["10", "3", "4", "8"]}, {"moveID": "6", "edgeID": 9, "source": ["3", "4", "8"], "target": ["3", "4", "6", "8"]}, {"moveID": "9", "edgeID": 109, "source": ["3", "4", "8"], "target": ["3", "4", "8", "9"]}, {"moveID": "5", "edgeID": 162, "source": ["3", "4", "8"], "target": ["3", "4", "5", "8"]}, {"moveID": "4", "edgeID": 149, "source": ["11", "3", "5", "6", "7"], "target": ["11", "3", "4", "5", "6", "7"]}, {"moveID": "10", "edgeID": 193, "source": ["11", "3", "5", "6", "7"], "target": ["10", "11", "3", "5", "6", "7"]}, {"moveID": "6", "edgeID": 9, "source": ["11", "3", "4", "5", "7"], "target": ["11", "3", "4", "5", "6", "7"]}, {"moveID": "8", "edgeID": 108, "source": ["11", "3", "4", "5", "7"], "target": ["11", "3", "4", "5", "7", "8"]}, {"moveID": "10", "edgeID": 193, "source": ["11", "3", "4", "5", "7"], "target": ["10", "11", "3", "4", "5", "7"]}, {"moveID": "12", "edgeID": 154, "source": ["11", "3", "4", "5", "7"], "target": ["11", "12", "3", "4", "5", "7"]}, {"moveID": "7", "edgeID": 107, "source": ["11", "3", "4", "5", "6"], "target": ["11", "3", "4", "5", "6", "7"]}, {"moveID": "8", "edgeID": 108, "source": ["11", "3", "4", "5", "6"], "target": ["11", "3", "4", "5", "6", "8"]}, {"moveID": "10", "edgeID": 193, "source": ["11", "3", "4", "5", "6"], "target": ["10", "11", "3", "4", "5", "6"]}, {"moveID": "4", "edgeID": 149, "source": ["11", "3", "5", "6"], "target": ["11", "3", "4", "5", "6"]}, {"moveID": "7", "edgeID": 107, "source": ["11", "3", "5", "6"], "target": ["11", "3", "5", "6", "7"]}, {"moveID": "10", "edgeID": 193, "source": ["11", "3", "5", "6"], "target": ["10", "11", "3", "5", "6"]}, {"moveID": "6", "edgeID": 9, "source": ["11", "3", "4", "5"], "target": ["11", "3", "4", "5", "6"]}, {"moveID": "7", "edgeID": 107, "source": ["11", "3", "4", "5"], "target": ["11", "3", "4", "5", "7"]}, {"moveID": "8", "edgeID": 108, "source": ["11", "3", "4", "5"], "target": ["11", "3", "4", "5", "8"]}, {"moveID": "10", "edgeID": 193, "source": ["11", "3", "4", "5"], "target": ["10", "11", "3", "4", "5"]}, {"moveID": "12", "edgeID": 154, "source": ["11", "3", "4", "5"], "target": ["11", "12", "3", "4", "5"]}, {"moveID": "4", "edgeID": 149, "source": ["11", "3", "5"], "target": ["11", "3", "4", "5"]}, {"moveID": "6", "edgeID": 9, "source": ["11", "3", "5"], "target": ["11", "3", "5", "6"]}, {"moveID": "7", "edgeID": 107, "source": ["11", "3", "5"], "target": ["11", "3", "5", "7"]}, {"moveID": "10", "edgeID": 193, "source": ["11", "3", "5"], "target": ["10", "11", "3", "5"]}, {"moveID": "12", "edgeID": 154, "source": ["11", "3", "5"], "target": ["11", "12", "3", "5"]}, {"moveID": "4", "edgeID": 149, "source": ["11", "3", "5", "7"], "target": ["11", "3", "4", "5", "7"]}, {"moveID": "6", "edgeID": 9, "source": ["11", "3", "5", "7"], "target": ["11", "3", "5", "6", "7"]}, {"moveID": "10", "edgeID": 193, "source": ["11", "3", "5", "7"], "target": ["10", "11", "3", "5", "7"]}, {"moveID": "12", "edgeID": 154, "source": ["11", "3", "5", "7"], "target": ["11", "12", "3", "5", "7"]}, {"moveID": "6", "edgeID": 9, "source": ["11", "3", "4", "5", "8"], "target": ["11", "3", "4", "5", "6", "8"]}, {"moveID": "7", "edgeID": 107, "source": ["11", "3", "4", "5", "8"], "target": ["11", "3", "4", "5", "7", "8"]}, {"moveID": "10", "edgeID": 193, "source": ["11", "3", "4", "5", "8"], "target": ["10", "11", "3", "4", "5", "8"]}, {"moveID": "12", "edgeID": 154, "source": ["11", "3", "4", "5", "8"], "target": ["11", "12", "3", "4", "5", "8"]}, {"moveID": "11", "edgeID": 16, "source": ["10", "3", "4", "8"], "target": ["10", "11", "3", "4", "8"]}, {"moveID": "12", "edgeID": 154, "source": ["10", "3", "4", "8"], "target": ["10", "12", "3", "4", "8"]}, {"moveID": "5", "edgeID": 162, "source": ["10", "3", "4", "8"], "target": ["10", "3", "4", "5", "8"]}, {"moveID": "11", "edgeID": 16, "source": ["10", "12", "3", "4", "9"], "target": ["10", "11", "12", "3", "4", "9"]}, {"moveID": "8", "edgeID": 108, "source": ["10", "12", "3", "4", "9"], "target": ["10", "12", "3", "4", "8", "9"]}, {"moveID": "5", "edgeID": 162, "source": ["10", "12", "3", "4", "9"], "target": ["10", "12", "3", "4", "5", "9"]}, {"moveID": "4", "edgeID": 149, "source": ["10", "11", "12", "3", "9"], "target": ["10", "11", "12", "3", "4", "9"]}, {"moveID": "5", "edgeID": 162, "source": ["10", "11", "12", "3", "9"], "target": ["10", "11", "12", "3", "5", "9"]}, {"moveID": "6", "edgeID": 9, "source": ["10", "11", "12", "3", "9"], "target": ["10", "11", "12", "3", "6", "9"]}, {"moveID": "11", "edgeID": 16, "source": ["10", "12", "3", "9"], "target": ["10", "11", "12", "3", "9"]}, {"moveID": "4", "edgeID": 149, "source": ["10", "12", "3", "9"], "target": ["10", "12", "3", "4", "9"]}, {"moveID": "5", "edgeID": 162, "source": ["10", "12", "3", "9"], "target": ["10", "12", "3", "5", "9"]}, {"moveID": "11", "edgeID": 228, "source": ["3", "4", "5", "6", "7", "8"], "target": ["11", "3", "4", "5", "6", "7", "8"]}, {"moveID": "7", "edgeID": 107, "source": ["3", "4", "5", "6", "8"], "target": ["3", "4", "5", "6", "7", "8"]}, {"moveID": "11", "edgeID": 262, "source": ["3", "4", "5", "6", "8"], "target": ["11", "3", "4", "5", "6", "8"]}, {"moveID": "8", "edgeID": 108, "source": ["3", "4", "5", "6", "7"], "target": ["3", "4", "5", "6", "7", "8"]}, {"moveID": "11", "edgeID": 244, "source": ["3", "4", "5", "6", "7"], "target": ["11", "3", "4", "5", "6", "7"]}, {"moveID": "4", "edgeID": 149, "source": ["3", "5", "6", "7"], "target": ["3", "4", "5", "6", "7"]}, {"moveID": "11", "edgeID": 259, "source": ["3", "5", "6", "7"], "target": ["11", "3", "5", "6", "7"]}, {"moveID": "7", "edgeID": 107, "source": ["3", "4", "5", "6"], "target": ["3", "4", "5", "6", "7"]}, {"moveID": "8", "edgeID": 108, "source": ["3", "4", "5", "6"], "target": ["3", "4", "5", "6", "8"]}, {"moveID": "11", "edgeID": 247, "source": ["3", "4", "5", "6"], "target": ["11", "3", "4", "5", "6"]}, {"moveID": "4", "edgeID": 149, "source": ["3", "5", "6"], "target": ["3", "4", "5", "6"]}, {"moveID": "7", "edgeID": 107, "source": ["3", "5", "6"], "target": ["3", "5", "6", "7"]}, {"moveID": "11", "edgeID": 252, "source": ["3", "5", "6"], "target": ["11", "3", "5", "6"]}, {"moveID": "10", "edgeID": 37, "source": ["12", "3", "9"], "target": ["10", "12", "3", "9"]}, {"moveID": "4", "edgeID": 149, "source": ["12", "3", "9"], "target": ["12", "3", "4", "9"]}, {"moveID": "5", "edgeID": 162, "source": ["12", "3", "9"], "target": ["12", "3", "5", "9"]}, {"moveID": "10", "edgeID": 37, "source": ["12", "3", "4", "9"], "target": ["10", "12", "3", "4", "9"]}, {"moveID": "8", "edgeID": 108, "source": ["12", "3", "4", "9"], "target": ["12", "3", "4", "8", "9"]}, {"moveID": "5", "edgeID": 162, "source": ["12", "3", "4", "9"], "target": ["12", "3", "4", "5", "9"]}, {"moveID": "3", "edgeID": 251, "source": ["11", "5"], "target": ["11", "3", "5"]}, {"moveID": "10", "edgeID": 193, "source": ["11", "5"], "target": ["10", "11", "5"]}, {"moveID": "12", "edgeID": 154, "source": ["11", "5"], "target": ["11", "12", "5"]}, {"moveID": "12", "edgeID": 93, "source": ["3", "4", "9"], "target": ["12", "3", "4", "9"]}, {"moveID": "8", "edgeID": 108, "source": ["3", "4", "9"], "target": ["3", "4", "8", "9"]}, {"moveID": "5", "edgeID": 162, "source": ["3", "4", "9"], "target": ["3", "4", "5", "9"]}, {"moveID": "5", "edgeID": 249, "source": ["11", "3", "4", "6"], "target": ["11", "3", "4", "5", "6"]}, {"moveID": "8", "edgeID": 108, "source": ["11", "3", "4", "6"], "target": ["11", "3", "4", "6", "8"]}, {"moveID": "10", "edgeID": 193, "source": ["11", "3", "4", "6"], "target": ["10", "11", "3", "4", "6"]}, {"moveID": "11", "edgeID": 228, "source": ["3", "4", "6"], "target": ["11", "3", "4", "6"]}, {"moveID": "8", "edgeID": 108, "source": ["3", "4", "6"], "target": ["3", "4", "6", "8"]}, {"moveID": "5", "edgeID": 289, "source": ["3", "4", "6"], "target": ["3", "4", "5", "6"]}, {"moveID": "4", "edgeID": 149, "source": ["11", "3", "6"], "target": ["11", "3", "4", "6"]}, {"moveID": "5", "edgeID": 254, "source": ["11", "3", "6"], "target": ["11", "3", "5", "6"]}, {"moveID": "10", "edgeID": 193, "source": ["11", "3", "6"], "target": ["10", "11", "3", "6"]}, {"moveID": "11", "edgeID": 228, "source": ["3", "6"], "target": ["11", "3", "6"]}, {"moveID": "4", "edgeID": 149, "source": ["3", "6"], "target": ["3", "4", "6"]}, {"moveID": "5", "edgeID": 291, "source": ["3", "6"], "target": ["3", "5", "6"]}, {"moveID": "5", "edgeID": 265, "source": ["11", "3", "4", "6", "8"], "target": ["11", "3", "4", "5", "6", "8"]}, {"moveID": "10", "edgeID": 193, "source": ["11", "3", "4", "6", "8"], "target": ["10", "11", "3", "4", "6", "8"]}, {"moveID": "11", "edgeID": 228, "source": ["3", "4", "6", "8"], "target": ["11", "3", "4", "6", "8"]}, {"moveID": "5", "edgeID": 296, "source": ["3", "4", "6", "8"], "target": ["3", "4", "5", "6", "8"]}, {"moveID": "10", "edgeID": 37, "source": ["12", "3", "4", "8", "9"], "target": ["10", "12", "3", "4", "8", "9"]}, {"moveID": "5", "edgeID": 162, "source": ["12", "3", "4", "8", "9"], "target": ["12", "3", "4", "5", "8", "9"]}, {"moveID": "12", "edgeID": 93, "source": ["3", "4", "8", "9"], "target": ["12", "3", "4", "8", "9"]}, {"moveID": "5", "edgeID": 162, "source": ["3", "4", "8", "9"], "target": ["3", "4", "5", "8", "9"]}, {"moveID": "4", "edgeID": 149, "source": ["10", "11", "3", "5", "6"], "target": ["10", "11", "3", "4", "5", "6"]}, {"moveID": "7", "edgeID": 107, "source": ["10", "11", "3", "5", "6"], "target": ["10", "11", "3", "5", "6", "7"]}, {"moveID": "12", "edgeID": 154, "source": ["10", "11", "3", "5", "6"], "target": ["10", "11", "12", "3", "5", "6"]}, {"moveID": "6", "edgeID": 9, "source": ["10", "11", "3", "4", "5"], "target": ["10", "11", "3", "4", "5", "6"]}, {"moveID": "7", "edgeID": 107, "source": ["10", "11", "3", "4", "5"], "target": ["10", "11", "3", "4", "5", "7"]}, {"moveID": "8", "edgeID": 108, "source": ["10", "11", "3", "4", "5"], "target": ["10", "11", "3", "4", "5", "8"]}, {"moveID": "12", "edgeID": 154, "source": ["10", "11", "3", "4", "5"], "target": ["10", "11", "12", "3", "4", "5"]}, {"moveID": "3", "edgeID": 279, "source": ["10", "11", "12", "4", "9"], "target": ["10", "11", "12", "3", "4", "9"]}, {"moveID": "3", "edgeID": 282, "source": ["10", "11", "12", "9"], "target": ["10", "11", "12", "3", "9"]}, {"moveID": "4", "edgeID": 149, "source": ["10", "11", "12", "9"], "target": ["10", "11", "12", "4", "9"]}, {"moveID": "5", "edgeID": 162, "source": ["10", "11", "12", "9"], "target": ["10", "11", "12", "5", "9"]}, {"moveID": "6", "edgeID": 9, "source": ["10", "11", "12", "9"], "target": ["10", "11", "12", "6", "9"]}, {"moveID": "11", "edgeID": 16, "source": ["10", "12", "9"], "target": ["10", "11", "12", "9"]}, {"moveID": "4", "edgeID": 149, "source": ["10", "12", "9"], "target": ["10", "12", "4", "9"]}, {"moveID": "3", "edgeID": 298, "source": ["10", "12", "9"], "target": ["10", "12", "3", "9"]}, {"moveID": "5", "edgeID": 162, "source": ["10", "12", "9"], "target": ["10", "12", "5", "9"]}, {"moveID": "10", "edgeID": 37, "source": ["12", "9"], "target": ["10", "12", "9"]}, {"moveID": "4", "edgeID": 149, "source": ["12", "9"], "target": ["12", "4", "9"]}, {"moveID": "3", "edgeID": 299, "source": ["12", "9"], "target": ["12", "3", "9"]}, {"moveID": "5", "edgeID": 162, "source": ["12", "9"], "target": ["12", "5", "9"]}, {"moveID": "11", "edgeID": 16, "source": ["10", "12", "4", "9"], "target": ["10", "11", "12", "4", "9"]}, {"moveID": "3", "edgeID": 301, "source": ["10", "12", "4", "9"], "target": ["10", "12", "3", "4", "9"]}, {"moveID": "10", "edgeID": 37, "source": ["12", "4", "9"], "target": ["10", "12", "4", "9"]}, {"moveID": "3", "edgeID": 302, "source": ["12", "4", "9"], "target": ["12", "3", "4", "9"]}, {"moveID": "12", "edgeID": 93, "source": ["4", "9"], "target": ["12", "4", "9"]}, {"moveID": "3", "edgeID": 307, "source": ["4", "9"], "target": ["3", "4", "9"]}, {"moveID": "11", "edgeID": 16, "source": ["10", "3", "4", "5"], "target": ["10", "11", "3", "4", "5"]}, {"moveID": "7", "edgeID": 107, "source": ["10", "3", "4", "5"], "target": ["10", "3", "4", "5", "7"]}, {"moveID": "8", "edgeID": 108, "source": ["10", "3", "4", "5"], "target": ["10", "3", "4", "5", "8"]}, {"moveID": "12", "edgeID": 154, "source": ["10", "3", "4", "5"], "target": ["10", "12", "3", "4", "5"]}, {"moveID": "4", "edgeID": 149, "source": ["10", "11", "3", "5"], "target": ["10", "11", "3", "4", "5"]}, {"moveID": "6", "edgeID": 9, "source": ["10", "11", "3", "5"], "target": ["10", "11", "3", "5", "6"]}, {"moveID": "7", "edgeID": 107, "source": ["10", "11", "3", "5"], "target": ["10", "11", "3", "5", "7"]}, {"moveID": "12", "edgeID": 154, "source": ["10", "11", "3", "5"], "target": ["10", "11", "12", "3", "5"]}, {"moveID": "11", "edgeID": 16, "source": ["10", "3", "5"], "target": ["10", "11", "3", "5"]}, {"moveID": "4", "edgeID": 149, "source": ["10", "3", "5"], "target": ["10", "3", "4", "5"]}, {"moveID": "7", "edgeID": 107, "source": ["10", "3", "5"], "target": ["10", "3", "5", "7"]}, {"moveID": "12", "edgeID": 154, "source": ["10", "3", "5"], "target": ["10", "12", "3", "5"]}, {"moveID": "11", "edgeID": 16, "source": ["10", "3", "4", "5", "7"], "target": ["10", "11", "3", "4", "5", "7"]}, {"moveID": "8", "edgeID": 108, "source": ["10", "3", "4", "5", "7"], "target": ["10", "3", "4", "5", "7", "8"]}, {"moveID": "12", "edgeID": 154, "source": ["10", "3", "4", "5", "7"], "target": ["10", "12", "3", "4", "5", "7"]}, {"moveID": "4", "edgeID": 149, "source": ["10", "11", "3", "5", "7"], "target": ["10", "11", "3", "4", "5", "7"]}, {"moveID": "6", "edgeID": 9, "source": ["10", "11", "3", "5", "7"], "target": ["10", "11", "3", "5", "6", "7"]}, {"moveID": "12", "edgeID": 154, "source": ["10", "11", "3", "5", "7"], "target": ["10", "11", "12", "3", "5", "7"]}, {"moveID": "11", "edgeID": 16, "source": ["10", "3", "5", "7"], "target": ["10", "11", "3", "5", "7"]}, {"moveID": "4", "edgeID": 149, "source": ["10", "3", "5", "7"], "target": ["10", "3", "4", "5", "7"]}, {"moveID": "12", "edgeID": 154, "source": ["10", "3", "5", "7"], "target": ["10", "12", "3", "5", "7"]}, {"moveID": "6", "edgeID": 9, "source": ["10", "11", "3", "4", "5", "8"], "target": ["10", "11", "3", "4", "5", "6", "8"]}, {"moveID": "7", "edgeID": 107, "source": ["10", "11", "3", "4", "5", "8"], "target": ["10", "11", "3", "4", "5", "7", "8"]}, {"moveID": "12", "edgeID": 154, "source": ["10", "11", "3", "4", "5", "8"], "target": ["10", "11", "12", "3", "4", "5", "8"]}, {"moveID": "11", "edgeID": 16, "source": ["10", "3", "4", "5", "8"], "target": ["10", "11", "3", "4", "5", "8"]}, {"moveID": "7", "edgeID": 107, "source": ["10", "3", "4", "5", "8"], "target": ["10", "3", "4", "5", "7", "8"]}, {"moveID": "12", "edgeID": 154, "source": ["10", "3", "4", "5", "8"], "target": ["10", "12", "3", "4", "5", "8"]}, {"moveID": "11", "edgeID": 16, "source": ["10", "3", "4", "5", "7", "8"], "target": ["10", "11", "3", "4", "5", "7", "8"]}, {"moveID": "12", "edgeID": 154, "source": ["10", "3", "4", "5", "7", "8"], "target": ["10", "12", "3", "4", "5", "7", "8"]}, {"moveID": "6", "edgeID": 9, "source": ["10", "11", "12", "3", "5"], "target": ["10", "11", "12", "3", "5", "6"]}, {"moveID": "7", "edgeID": 107, "source": ["10", "11", "12", "3", "5"], "target": ["10", "11", "12", "3", "5", "7"]}, {"moveID": "9", "edgeID": 109, "source": ["10", "11", "12", "3", "5"], "target": ["10", "11", "12", "3", "5", "9"]}, {"moveID": "4", "edgeID": 149, "source": ["10", "11", "12", "3", "5"], "target": ["10", "11", "12", "3", "4", "5"]}, {"moveID": "11", "edgeID": 16, "source": ["10", "12", "3", "5"], "target": ["10", "11", "12", "3", "5"]}, {"moveID": "7", "edgeID": 107, "source": ["10", "12", "3", "5"], "target": ["10", "12", "3", "5", "7"]}, {"moveID": "9", "edgeID": 109, "source": ["10", "12", "3", "5"], "target": ["10", "12", "3", "5", "9"]}, {"moveID": "4", "edgeID": 149, "source": ["10", "12", "3", "5"], "target": ["10", "12", "3", "4", "5"]}, {"moveID": "10", "edgeID": 37, "source": ["12", "3", "5"], "target": ["10", "12", "3", "5"]}, {"moveID": "7", "edgeID": 107, "source": ["12", "3", "5"], "target": ["12", "3", "5", "7"]}, {"moveID": "9", "edgeID": 109, "source": ["12", "3", "5"], "target": ["12", "3", "5", "9"]}, {"moveID": "4", "edgeID": 149, "source": ["12", "3", "5"], "target": ["12", "3", "4", "5"]}, {"moveID": "11", "edgeID": 16, "source": ["12", "3", "5"], "target": ["11", "12", "3", "5"]}, {"moveID": "11", "edgeID": 16, "source": ["10", "12", "3", "5", "7"], "target": ["10", "11", "12", "3", "5", "7"]}, {"moveID": "9", "edgeID": 109, "source": ["10", "12", "3", "5", "7"], "target": ["10", "12", "3", "5", "7", "9"]}, {"moveID": "4", "edgeID": 149, "source": ["10", "12", "3", "5", "7"], "target": ["10", "12", "3", "4", "5", "7"]}, {"moveID": "10", "edgeID": 37, "source": ["12", "3", "5", "7"], "target": ["10", "12", "3", "5", "7"]}, {"moveID": "9", "edgeID": 109, "source": ["12", "3", "5", "7"], "target": ["12", "3", "5", "7", "9"]}, {"moveID": "4", "edgeID": 149, "source": ["12", "3", "5", "7"], "target": ["12", "3", "4", "5", "7"]}, {"moveID": "11", "edgeID": 16, "source": ["12", "3", "5", "7"], "target": ["11", "12", "3", "5", "7"]}, {"moveID": "6", "edgeID": 9, "source": ["10", "11", "12", "3", "5", "9"], "target": ["10", "11", "12", "3", "5", "6", "9"]}, {"moveID": "7", "edgeID": 107, "source": ["10", "11", "12", "3", "5", "9"], "target": ["10", "11", "12", "3", "5", "7", "9"]}, {"moveID": "4", "edgeID": 149, "source": ["10", "11", "12", "3", "5", "9"], "target": ["10", "11", "12", "3", "4", "5", "9"]}, {"moveID": "3", "edgeID": 304, "source": ["11", "6"], "target": ["11", "3", "6"]}, {"moveID": "10", "edgeID": 193, "source": ["11", "6"], "target": ["10", "11", "6"]}, {"moveID": "11", "edgeID": 228, "source": ["6"], "target": ["11", "6"]}, {"moveID": "3", "edgeID": 305, "source": ["6"], "target": ["3", "6"]}, {"moveID": "11", "edgeID": 16, "source": ["10", "12", "3", "5", "9"], "target": ["10", "11", "12", "3", "5", "9"]}, {"moveID": "7", "edgeID": 107, "source": ["10", "12", "3", "5", "9"], "target": ["10", "12", "3", "5", "7", "9"]}, {"moveID": "4", "edgeID": 149, "source": ["10", "12", "3", "5", "9"], "target": ["10", "12", "3", "4", "5", "9"]}, {"moveID": "10", "edgeID": 37, "source": ["12", "3", "5", "9"], "target": ["10", "12", "3", "5", "9"]}, {"moveID": "7", "edgeID": 107, "source": ["12", "3", "5", "9"], "target": ["12", "3", "5", "7", "9"]}, {"moveID": "4", "edgeID": 149, "source": ["12", "3", "5", "9"], "target": ["12", "3", "4", "5", "9"]}, {"moveID": "5", "edgeID": 321, "source": ["10", "11", "3", "4", "6"], "target": ["10", "11", "3", "4", "5", "6"]}, {"moveID": "8", "edgeID": 108, "source": ["10", "11", "3", "4", "6"], "target": ["10", "11", "3", "4", "6", "8"]}, {"moveID": "12", "edgeID": 154, "source": ["10", "11", "3", "4", "6"], "target": ["10", "11", "12", "3", "4", "6"]}, {"moveID": "4", "edgeID": 149, "source": ["10", "11", "3", "6"], "target": ["10", "11", "3", "4", "6"]}, {"moveID": "5", "edgeID": 334, "source": ["10", "11", "3", "6"], "target": ["10", "11", "3", "5", "6"]}, {"moveID": "12", "edgeID": 154, "source": ["10", "11", "3", "6"], "target": ["10", "11", "12", "3", "6"]}, {"moveID": "3", "edgeID": 329, "source": ["10", "11", "5"], "target": ["10", "11", "3", "5"]}, {"moveID": "12", "edgeID": 154, "source": ["10", "11", "5"], "target": ["10", "11", "12", "5"]}, {"moveID": "11", "edgeID": 16, "source": ["10", "5"], "target": ["10", "11", "5"]}, {"moveID": "3", "edgeID": 330, "source": ["10", "5"], "target": ["10", "3", "5"]}, {"moveID": "12", "edgeID": 154, "source": ["10", "5"], "target": ["10", "12", "5"]}, {"moveID": "11", "edgeID": 16, "source": ["10", "12", "3", "5", "7", "9"], "target": ["10", "11", "12", "3", "5", "7", "9"]}, {"moveID": "4", "edgeID": 149, "source": ["10", "12", "3", "5", "7", "9"], "target": ["10", "12", "3", "4", "5", "7", "9"]}, {"moveID": "10", "edgeID": 37, "source": ["12", "3", "5", "7", "9"], "target": ["10", "12", "3", "5", "7", "9"]}, {"moveID": "4", "edgeID": 149, "source": ["12", "3", "5", "7", "9"], "target": ["12", "3", "4", "5", "7", "9"]}, {"moveID": "11", "edgeID": 16, "source": ["10", "12", "3", "4", "5", "8"], "target": ["10", "11", "12", "3", "4", "5", "8"]}, {"moveID": "9", "edgeID": 109, "source": ["10", "12", "3", "4", "5", "8"], "target": ["10", "12", "3", "4", "5", "8", "9"]}, {"moveID": "7", "edgeID": 107, "source": ["10", "12", "3", "4", "5", "8"], "target": ["10", "12", "3", "4", "5", "7", "8"]}, {"moveID": "8", "edgeID": 108, "source": ["10", "11", "12", "3", "4", "5"], "target": ["10", "11", "12", "3", "4", "5", "8"]}, {"moveID": "9", "edgeID": 109, "source": ["10", "11", "12", "3", "4", "5"], "target": ["10", "11", "12", "3", "4", "5", "9"]}, {"moveID": "6", "edgeID": 9, "source": ["10", "11", "12", "3", "4", "5"], "target": ["10", "11", "12", "3", "4", "5", "6"]}, {"moveID": "7", "edgeID": 107, "source": ["10", "11", "12", "3", "4", "5"], "target": ["10", "11", "12", "3", "4", "5", "7"]}, {"moveID": "11", "edgeID": 16, "source": ["10", "12", "3", "4", "5"], "target": ["10", "11", "12", "3", "4", "5"]}, {"moveID": "8", "edgeID": 108, "source": ["10", "12", "3", "4", "5"], "target": ["10", "12", "3", "4", "5", "8"]}, {"moveID": "9", "edgeID": 109, "source": ["10", "12", "3", "4", "5"], "target": ["10", "12", "3", "4", "5", "9"]}, {"moveID": "7", "edgeID": 107, "source": ["10", "12", "3", "4", "5"], "target": ["10", "12", "3", "4", "5", "7"]}, {"moveID": "10", "edgeID": 37, "source": ["12", "3", "4", "5"], "target": ["10", "12", "3", "4", "5"]}, {"moveID": "8", "edgeID": 108, "source": ["12", "3", "4", "5"], "target": ["12", "3", "4", "5", "8"]}, {"moveID": "9", "edgeID": 109, "source": ["12", "3", "4", "5"], "target": ["12", "3", "4", "5", "9"]}, {"moveID": "7", "edgeID": 107, "source": ["12", "3", "4", "5"], "target": ["12", "3", "4", "5", "7"]}, {"moveID": "11", "edgeID": 16, "source": ["12", "3", "4", "5"], "target": ["11", "12", "3", "4", "5"]}, {"moveID": "10", "edgeID": 37, "source": ["12", "3", "4", "5", "8"], "target": ["10", "12", "3", "4", "5", "8"]}, {"moveID": "9", "edgeID": 109, "source": ["12", "3", "4", "5", "8"], "target": ["12", "3", "4", "5", "8", "9"]}, {"moveID": "7", "edgeID": 107, "source": ["12", "3", "4", "5", "8"], "target": ["12", "3", "4", "5", "7", "8"]}, {"moveID": "11", "edgeID": 16, "source": ["12", "3", "4", "5", "8"], "target": ["11", "12", "3", "4", "5", "8"]}, {"moveID": "11", "edgeID": 16, "source": ["10", "12", "3", "4", "5", "9"], "target": ["10", "11", "12", "3", "4", "5", "9"]}, {"moveID": "8", "edgeID": 108, "source": ["10", "12", "3", "4", "5", "9"], "target": ["10", "12", "3", "4", "5", "8", "9"]}, {"moveID": "7", "edgeID": 107, "source": ["10", "12", "3", "4", "5", "9"], "target": ["10", "12", "3", "4", "5", "7", "9"]}, {"moveID": "10", "edgeID": 37, "source": ["12", "3", "4", "5", "9"], "target": ["10", "12", "3", "4", "5", "9"]}, {"moveID": "8", "edgeID": 108, "source": ["12", "3", "4", "5", "9"], "target": ["12", "3", "4", "5", "8", "9"]}, {"moveID": "7", "edgeID": 107, "source": ["12", "3", "4", "5", "9"], "target": ["12", "3", "4", "5", "7", "9"]}, {"moveID": "10", "edgeID": 37, "source": ["12", "3", "4", "5", "8", "9"], "target": ["10", "12", "3", "4", "5", "8", "9"]}, {"moveID": "7", "edgeID": 107, "source": ["12", "3", "4", "5", "8", "9"], "target": ["12", "3", "4", "5", "7", "8", "9"]}, {"moveID": "6", "edgeID": 9, "source": ["10", "11", "12", "3", "4", "5", "7"], "target": ["10", "11", "12", "3", "4", "5", "6", "7"]}, {"moveID": "8", "edgeID": 108, "source": ["10", "11", "12", "3", "4", "5", "7"], "target": ["10", "11", "12", "3", "4", "5", "7", "8"]}, {"moveID": "9", "edgeID": 109, "source": ["10", "11", "12", "3", "4", "5", "7"], "target": ["10", "11", "12", "3", "4", "5", "7", "9"]}, {"moveID": "7", "edgeID": 107, "source": ["10", "11", "12", "3", "4", "5", "6"], "target": ["10", "11", "12", "3", "4", "5", "6", "7"]}, {"moveID": "8", "edgeID": 108, "source": ["10", "11", "12", "3", "4", "5", "6"], "target": ["10", "11", "12", "3", "4", "5", "6", "8"]}, {"moveID": "9", "edgeID": 109, "source": ["10", "11", "12", "3", "4", "5", "6"], "target": ["10", "11", "12", "3", "4", "5", "6", "9"]}, {"moveID": "11", "edgeID": 16, "source": ["10", "12", "3", "4", "5", "7"], "target": ["10", "11", "12", "3", "4", "5", "7"]}, {"moveID": "8", "edgeID": 108, "source": ["10", "12", "3", "4", "5", "7"], "target": ["10", "12", "3", "4", "5", "7", "8"]}, {"moveID": "9", "edgeID": 109, "source": ["10", "12", "3", "4", "5", "7"], "target": ["10", "12", "3", "4", "5", "7", "9"]}, {"moveID": "5", "edgeID": 349, "source": ["10", "11", "3", "4", "6", "8"], "target": ["10", "11", "3", "4", "5", "6", "8"]}, {"moveID": "12", "edgeID": 154, "source": ["10", "11", "3", "4", "6", "8"], "target": ["10", "11", "12", "3", "4", "6", "8"]}, {"moveID": "10", "edgeID": 37, "source": ["12", "3", "4", "5", "7"], "target": ["10", "12", "3", "4", "5", "7"]}, {"moveID": "8", "edgeID": 108, "source": ["12", "3", "4", "5", "7"], "target": ["12", "3", "4", "5", "7", "8"]}, {"moveID": "9", "edgeID": 109, "source": ["12", "3", "4", "5", "7"], "target": ["12", "3", "4", "5", "7", "9"]}, {"moveID": "11", "edgeID": 16, "source": ["12", "3", "4", "5", "7"], "target": ["11", "12", "3", "4", "5", "7"]}, {"moveID": "5", "edgeID": 363, "source": ["10", "11", "12", "3", "6"], "target": ["10", "11", "12", "3", "5", "6"]}, {"moveID": "9", "edgeID": 109, "source": ["10", "11", "12", "3", "6"], "target": ["10", "11", "12", "3", "6", "9"]}, {"moveID": "4", "edgeID": 149, "source": ["10", "11", "12", "3", "6"], "target": ["10", "11", "12", "3", "4", "6"]}, {"moveID": "10", "edgeID": 364, "source": ["11", "12", "3", "5"], "target": ["10", "11", "12", "3", "5"]}, {"moveID": "7", "edgeID": 107, "source": ["11", "12", "3", "5"], "target": ["11", "12", "3", "5", "7"]}, {"moveID": "4", "edgeID": 149, "source": ["11", "12", "3", "5"], "target": ["11", "12", "3", "4", "5"]}, {"moveID": "3", "edgeID": 365, "source": ["10", "11", "12", "5"], "target": ["10", "11", "12", "3", "5"]}, {"moveID": "9", "edgeID": 109, "source": ["10", "11", "12", "5"], "target": ["10", "11", "12", "5", "9"]}, {"moveID": "10", "edgeID": 364, "source": ["11", "12", "5"], "target": ["10", "11", "12", "5"]}, {"moveID": "3", "edgeID": 460, "source": ["11", "12", "5"], "target": ["11", "12", "3", "5"]}, {"moveID": "11", "edgeID": 16, "source": ["10", "12", "5"], "target": ["10", "11", "12", "5"]}, {"moveID": "3", "edgeID": 366, "source": ["10", "12", "5"], "target": ["10", "12", "3", "5"]}, {"moveID": "9", "edgeID": 109, "source": ["10", "12", "5"], "target": ["10", "12", "5", "9"]}, {"moveID": "10", "edgeID": 37, "source": ["12", "5"], "target": ["10", "12", "5"]}, {"moveID": "11", "edgeID": 16, "source": ["12", "5"], "target": ["11", "12", "5"]}, {"moveID": "3", "edgeID": 367, "source": ["12", "5"], "target": ["12", "3", "5"]}, {"moveID": "9", "edgeID": 109, "source": ["12", "5"], "target": ["12", "5", "9"]}, {"moveID": "11", "edgeID": 16, "source": ["10", "12", "3", "4", "5", "7", "8"], "target": ["10", "11", "12", "3", "4", "5", "7", "8"]}, {"moveID": "9", "edgeID": 109, "source": ["10", "12", "3", "4", "5", "7", "8"], "target": ["10", "12", "3", "4", "5", "7", "8", "9"]}, {"moveID": "10", "edgeID": 37, "source": ["12", "3", "4", "5", "7", "8"], "target": ["10", "12", "3", "4", "5", "7", "8"]}, {"moveID": "9", "edgeID": 109, "source": ["12", "3", "4", "5", "7", "8"], "target": ["12", "3", "4", "5", "7", "8", "9"]}, {"moveID": "11", "edgeID": 16, "source": ["12", "3", "4", "5", "7", "8"], "target": ["11", "12", "3", "4", "5", "7", "8"]}, {"moveID": "11", "edgeID": 16, "source": ["10", "12", "3", "4", "5", "7", "9"], "target": ["10", "11", "12", "3", "4", "5", "7", "9"]}, {"moveID": "8", "edgeID": 108, "source": ["10", "12", "3", "4", "5", "7", "9"], "target": ["10", "12", "3", "4", "5", "7", "8", "9"]}, {"moveID": "10", "edgeID": 37, "source": ["12", "3", "4", "5", "7", "9"], "target": ["10", "12", "3", "4", "5", "7", "9"]}, {"moveID": "8", "edgeID": 108, "source": ["12", "3", "4", "5", "7", "9"], "target": ["12", "3", "4", "5", "7", "8", "9"]}, {"moveID": "10", "edgeID": 37, "source": ["12", "3", "4", "5", "7", "8", "9"], "target": ["10", "12", "3", "4", "5", "7", "8", "9"]}, {"moveID": "2", "edgeID": 59, "source": ["12", "3", "4", "5", "7", "8", "9"], "target": ["12", "2", "3", "4", "5", "7", "8", "9"]}, {"moveID": "10", "edgeID": 368, "source": ["11", "12", "3", "5", "7"], "target": ["10", "11", "12", "3", "5", "7"]}, {"moveID": "4", "edgeID": 149, "source": ["11", "12", "3", "5", "7"], "target": ["11", "12", "3", "4", "5", "7"]}, {"moveID": "5", "edgeID": 379, "source": ["10", "11", "12", "3", "6", "9"], "target": ["10", "11", "12", "3", "5", "6", "9"]}, {"moveID": "4", "edgeID": 149, "source": ["10", "11", "12", "3", "6", "9"], "target": ["10", "11", "12", "3", "4", "6", "9"]}, {"moveID": "3", "edgeID": 382, "source": ["10", "11", "12", "5", "9"], "target": ["10", "11", "12", "3", "5", "9"]}, {"moveID": "11", "edgeID": 16, "source": ["10", "12", "5", "9"], "target": ["10", "11", "12", "5", "9"]}, {"moveID": "3", "edgeID": 384, "source": ["10", "12", "5", "9"], "target": ["10", "12", "3", "5", "9"]}, {"moveID": "10", "edgeID": 37, "source": ["12", "5", "9"], "target": ["10", "12", "5", "9"]}, {"moveID": "3", "edgeID": 385, "source": ["12", "5", "9"], "target": ["12", "3", "5", "9"]}, {"moveID": "3", "edgeID": 389, "source": ["10", "11", "6"], "target": ["10", "11", "3", "6"]}, {"moveID": "12", "edgeID": 154, "source": ["10", "11", "6"], "target": ["10", "11", "12", "6"]}, {"moveID": "10", "edgeID": 412, "source": ["11", "12", "3", "4", "5", "8"], "target": ["10", "11", "12", "3", "4", "5", "8"]}, {"moveID": "7", "edgeID": 107, "source": ["11", "12", "3", "4", "5", "8"], "target": ["11", "12", "3", "4", "5", "7", "8"]}, {"moveID": "8", "edgeID": 108, "source": ["11", "12", "3", "4", "5"], "target": ["11", "12", "3", "4", "5", "8"]}, {"moveID": "10", "edgeID": 415, "source": ["11", "12", "3", "4", "5"], "target": ["10", "11", "12", "3", "4", "5"]}, {"moveID": "7", "edgeID": 107, "source": ["11", "12", "3", "4", "5"], "target": ["11", "12", "3", "4", "5", "7"]}, {"moveID": "10", "edgeID": 442, "source": ["11", "12", "3", "4", "5", "7"], "target": ["10", "11", "12", "3", "4", "5", "7"]}, {"moveID": "8", "edgeID": 108, "source": ["11", "12", "3", "4", "5", "7"], "target": ["11", "12", "3", "4", "5", "7", "8"]}, {"moveID": "5", "edgeID": 441, "source": ["10", "11", "12", "3", "4", "6"], "target": ["10", "11", "12", "3", "4", "5", "6"]}, {"moveID": "8", "edgeID": 108, "source": ["10", "11", "12", "3", "4", "6"], "target": ["10", "11", "12", "3", "4", "6", "8"]}, {"moveID": "9", "edgeID": 109, "source": ["10", "11", "12", "3", "4", "6"], "target": ["10", "11", "12", "3", "4", "6", "9"]}, {"moveID": "5", "edgeID": 456, "source": ["10", "11", "12", "3", "4", "6", "8"], "target": ["10", "11", "12", "3", "4", "5", "6", "8"]}, {"moveID": "9", "edgeID": 109, "source": ["10", "11", "12", "3", "4", "6", "8"], "target": ["10", "11", "12", "3", "4", "6", "8", "9"]}, {"moveID": "3", "edgeID": 459, "source": ["10", "11", "12", "6"], "target": ["10", "11", "12", "3", "6"]}, {"moveID": "9", "edgeID": 109, "source": ["10", "11", "12", "6"], "target": ["10", "11", "12", "6", "9"]}, {"moveID": "10", "edgeID": 461, "source": ["11", "12", "3", "4", "5", "7", "8"], "target": ["10", "11", "12", "3", "4", "5", "7", "8"]}, {"moveID": "5", "edgeID": 475, "source": ["10", "11", "12", "3", "4", "6", "9"], "target": ["10", "11", "12", "3", "4", "5", "6", "9"]}, {"moveID": "8", "edgeID": 108, "source": ["10", "11", "12", "3", "4", "6", "9"], "target": ["10", "11", "12", "3", "4", "6", "8", "9"]}, {"moveID": "5", "edgeID": 490, "source": ["10", "11", "12", "3", "4", "6", "8", "9"], "target": ["10", "11", "12", "3", "4", "5", "6", "8", "9"]}, {"moveID": "3", "edgeID": 518, "source": ["10", "11", "12", "6", "9"], "target": ["10", "11", "12", "3", "6", "9"]}]}