{"directed": true, "multigraph": false, "graph": {}, "nodes": [{"id": ["0", "1", "2", "3", "4", "5", "6", "7", "8"]}, {"id": ["0", "1", "2", "3", "5", "6", "7", "8"]}, {"id": ["0", "1", "2", "3", "4", "6", "7", "8"]}, {"id": ["0", "1", "2", "3", "6", "7", "8"]}, {"id": ["0", "2", "3", "4", "5", "6", "7", "8"]}, {"id": ["0", "2", "3", "5", "6", "7", "8"]}, {"id": ["0", "2", "3", "6", "7", "8"]}, {"id": ["0", "1", "2", "3", "5", "6", "8"]}, {"id": ["0", "2", "3", "5", "6", "8"]}, {"id": ["0", "1", "2", "3", "6", "8"]}, {"id": ["0", "2", "3", "4", "6", "7", "8"]}, {"id": ["0", "2", "3", "6", "8"]}, {"id": ["2", "3", "6", "7", "8"]}, {"id": ["2", "3", "6", "8"]}, {"id": ["0", "1", "2", "3", "5", "8"]}, {"id": ["0", "2", "3", "5", "8"]}, {"id": ["0", "1", "2", "3", "8"]}, {"id": ["0", "2", "3", "8"]}, {"id": ["2", "3", "8"]}, {"id": ["2", "3", "4", "6", "7", "8"]}, {"id": ["2", "3", "6", "7"]}, {"id": ["2", "3", "6"]}, {"id": ["2", "3"]}, {"id": ["0", "1", "2", "5", "8"]}, {"id": ["0", "2", "5", "8"]}, {"id": ["0", "1", "2", "8"]}, {"id": ["0", "1", "3", "5", "8"]}, {"id": ["0", "1", "3", "8"]}, {"id": ["0", "3", "8"]}, {"id": ["0", "1", "8"]}, {"id": ["0", "8"]}, {"id": ["8"]}, {"id": []}, {"id": ["3", "8"]}, {"id": ["3"]}, {"id": ["0", "3", "5", "8"]}, {"id": ["0", "1", "5", "8"]}, {"id": ["0", "2", "8"]}, {"id": ["2", "8"]}, {"id": ["2"]}, {"id": ["0", "5", "8"]}, {"id": ["3", "6", "7"]}, {"id": ["3", "6"]}, {"id": ["2", "3", "4", "6", "7"]}, {"id": ["2", "6", "7"]}, {"id": ["6", "7"]}, {"id": ["2", "6"]}, {"id": ["6"]}, {"id": ["0", "1"]}, {"id": ["0"]}, {"id": ["7"]}, {"id": ["3", "4", "6", "7"]}, {"id": ["1"]}, {"id": ["4", "6", "7"]}, {"id": ["4", "7"]}, {"id": ["4", "6"]}, {"id": ["4"]}], "links": [{"moveID": "4", "edgeID": 4, "source": ["0", "1", "2", "3", "5", "6", "7", "8"], "target": ["0", "1", "2", "3", "4", "5", "6", "7", "8"]}, {"moveID": "5", "edgeID": 5, "source": ["0", "1", "2", "3", "4", "6", "7", "8"], "target": ["0", "1", "2", "3", "4", "5", "6", "7", "8"]}, {"moveID": "4", "edgeID": 4, "source": ["0", "1", "2", "3", "6", "7", "8"], "target": ["0", "1", "2", "3", "4", "6", "7", "8"]}, {"moveID": "5", "edgeID": 13, "source": ["0", "1", "2", "3", "6", "7", "8"], "target": ["0", "1", "2", "3", "5", "6", "7", "8"]}, {"moveID": "1", "edgeID": 1, "source": ["0", "2", "3", "4", "5", "6", "7", "8"], "target": ["0", "1", "2", "3", "4", "5", "6", "7", "8"]}, {"moveID": "1", "edgeID": 10, "source": ["0", "2", "3", "5", "6", "7", "8"], "target": ["0", "1", "2", "3", "5", "6", "7", "8"]}, {"moveID": "4", "edgeID": 4, "source": ["0", "2", "3", "5", "6", "7", "8"], "target": ["0", "2", "3", "4", "5", "6", "7", "8"]}, {"moveID": "5", "edgeID": 5, "source": ["0", "2", "3", "6", "7", "8"], "target": ["0", "2", "3", "5", "6", "7", "8"]}, {"moveID": "4", "edgeID": 4, "source": ["0", "2", "3", "6", "7", "8"], "target": ["0", "2", "3", "4", "6", "7", "8"]}, {"moveID": "1", "edgeID": 25, "source": ["0", "2", "3", "6", "7", "8"], "target": ["0", "1", "2", "3", "6", "7", "8"]}, {"moveID": "7", "edgeID": 15, "source": ["0", "1", "2", "3", "5", "6", "8"], "target": ["0", "1", "2", "3", "5", "6", "7", "8"]}, {"moveID": "1", "edgeID": 1, "source": ["0", "2", "3", "5", "6", "8"], "target": ["0", "1", "2", "3", "5", "6", "8"]}, {"moveID": "7", "edgeID": 35, "source": ["0", "2", "3", "5", "6", "8"], "target": ["0", "2", "3", "5", "6", "7", "8"]}, {"moveID": "5", "edgeID": 5, "source": ["0", "1", "2", "3", "6", "8"], "target": ["0", "1", "2", "3", "5", "6", "8"]}, {"moveID": "7", "edgeID": 29, "source": ["0", "1", "2", "3", "6", "8"], "target": ["0", "1", "2", "3", "6", "7", "8"]}, {"moveID": "1", "edgeID": 18, "source": ["0", "2", "3", "4", "6", "7", "8"], "target": ["0", "1", "2", "3", "4", "6", "7", "8"]}, {"moveID": "5", "edgeID": 5, "source": ["0", "2", "3", "4", "6", "7", "8"], "target": ["0", "2", "3", "4", "5", "6", "7", "8"]}, {"moveID": "1", "edgeID": 1, "source": ["0", "2", "3", "6", "8"], "target": ["0", "1", "2", "3", "6", "8"]}, {"moveID": "5", "edgeID": 5, "source": ["0", "2", "3", "6", "8"], "target": ["0", "2", "3", "5", "6", "8"]}, {"moveID": "7", "edgeID": 41, "source": ["0", "2", "3", "6", "8"], "target": ["0", "2", "3", "6", "7", "8"]}, {"moveID": "0", "edgeID": 37, "source": ["2", "3", "6", "7", "8"], "target": ["0", "2", "3", "6", "7", "8"]}, {"moveID": "4", "edgeID": 4, "source": ["2", "3", "6", "7", "8"], "target": ["2", "3", "4", "6", "7", "8"]}, {"moveID": "7", "edgeID": 15, "source": ["2", "3", "6", "8"], "target": ["2", "3", "6", "7", "8"]}, {"moveID": "0", "edgeID": 59, "source": ["2", "3", "6", "8"], "target": ["0", "2", "3", "6", "8"]}, {"moveID": "6", "edgeID": 46, "source": ["0", "1", "2", "3", "5", "8"], "target": ["0", "1", "2", "3", "5", "6", "8"]}, {"moveID": "1", "edgeID": 1, "source": ["0", "2", "3", "5", "8"], "target": ["0", "1", "2", "3", "5", "8"]}, {"moveID": "6", "edgeID": 67, "source": ["0", "2", "3", "5", "8"], "target": ["0", "2", "3", "5", "6", "8"]}, {"moveID": "5", "edgeID": 5, "source": ["0", "1", "2", "3", "8"], "target": ["0", "1", "2", "3", "5", "8"]}, {"moveID": "6", "edgeID": 57, "source": ["0", "1", "2", "3", "8"], "target": ["0", "1", "2", "3", "6", "8"]}, {"moveID": "1", "edgeID": 1, "source": ["0", "2", "3", "8"], "target": ["0", "1", "2", "3", "8"]}, {"moveID": "6", "edgeID": 62, "source": ["0", "2", "3", "8"], "target": ["0", "2", "3", "6", "8"]}, {"moveID": "5", "edgeID": 5, "source": ["0", "2", "3", "8"], "target": ["0", "2", "3", "5", "8"]}, {"moveID": "0", "edgeID": 37, "source": ["2", "3", "8"], "target": ["0", "2", "3", "8"]}, {"moveID": "6", "edgeID": 81, "source": ["2", "3", "8"], "target": ["2", "3", "6", "8"]}, {"moveID": "0", "edgeID": 48, "source": ["2", "3", "4", "6", "7", "8"], "target": ["0", "2", "3", "4", "6", "7", "8"]}, {"moveID": "8", "edgeID": 78, "source": ["2", "3", "6", "7"], "target": ["2", "3", "6", "7", "8"]}, {"moveID": "4", "edgeID": 4, "source": ["2", "3", "6", "7"], "target": ["2", "3", "4", "6", "7"]}, {"moveID": "7", "edgeID": 15, "source": ["2", "3", "6"], "target": ["2", "3", "6", "7"]}, {"moveID": "8", "edgeID": 82, "source": ["2", "3", "6"], "target": ["2", "3", "6", "8"]}, {"moveID": "6", "edgeID": 46, "source": ["2", "3"], "target": ["2", "3", "6"]}, {"moveID": "8", "edgeID": 96, "source": ["2", "3"], "target": ["2", "3", "8"]}, {"moveID": "3", "edgeID": 85, "source": ["0", "1", "2", "5", "8"], "target": ["0", "1", "2", "3", "5", "8"]}, {"moveID": "1", "edgeID": 1, "source": ["0", "2", "5", "8"], "target": ["0", "1", "2", "5", "8"]}, {"moveID": "3", "edgeID": 85, "source": ["0", "2", "5", "8"], "target": ["0", "2", "3", "5", "8"]}, {"moveID": "5", "edgeID": 5, "source": ["0", "1", "2", "8"], "target": ["0", "1", "2", "5", "8"]}, {"moveID": "3", "edgeID": 89, "source": ["0", "1", "2", "8"], "target": ["0", "1", "2", "3", "8"]}, {"moveID": "2", "edgeID": 84, "source": ["0", "1", "3", "5", "8"], "target": ["0", "1", "2", "3", "5", "8"]}, {"moveID": "2", "edgeID": 88, "source": ["0", "1", "3", "8"], "target": ["0", "1", "2", "3", "8"]}, {"moveID": "5", "edgeID": 5, "source": ["0", "1", "3", "8"], "target": ["0", "1", "3", "5", "8"]}, {"moveID": "1", "edgeID": 1, "source": ["0", "3", "8"], "target": ["0", "1", "3", "8"]}, {"moveID": "2", "edgeID": 91, "source": ["0", "3", "8"], "target": ["0", "2", "3", "8"]}, {"moveID": "5", "edgeID": 5, "source": ["0", "3", "8"], "target": ["0", "3", "5", "8"]}, {"moveID": "3", "edgeID": 85, "source": ["0", "1", "8"], "target": ["0", "1", "3", "8"]}, {"moveID": "5", "edgeID": 5, "source": ["0", "1", "8"], "target": ["0", "1", "5", "8"]}, {"moveID": "2", "edgeID": 84, "source": ["0", "1", "8"], "target": ["0", "1", "2", "8"]}, {"moveID": "1", "edgeID": 1, "source": ["0", "8"], "target": ["0", "1", "8"]}, {"moveID": "3", "edgeID": 85, "source": ["0", "8"], "target": ["0", "3", "8"]}, {"moveID": "2", "edgeID": 84, "source": ["0", "8"], "target": ["0", "2", "8"]}, {"moveID": "5", "edgeID": 5, "source": ["0", "8"], "target": ["0", "5", "8"]}, {"moveID": "0", "edgeID": 37, "source": ["8"], "target": ["0", "8"]}, {"moveID": "3", "edgeID": 85, "source": ["8"], "target": ["3", "8"]}, {"moveID": "2", "edgeID": 84, "source": ["8"], "target": ["2", "8"]}, {"moveID": "8", "edgeID": 78, "source": [], "target": ["8"]}, {"moveID": "3", "edgeID": 85, "source": [], "target": ["3"]}, {"moveID": "2", "edgeID": 84, "source": [], "target": ["2"]}, {"moveID": "6", "edgeID": 46, "source": [], "target": ["6"]}, {"moveID": "0", "edgeID": 37, "source": [], "target": ["0"]}, {"moveID": "7", "edgeID": 15, "source": [], "target": ["7"]}, {"moveID": "1", "edgeID": 1, "source": [], "target": ["1"]}, {"moveID": "4", "edgeID": 4, "source": [], "target": ["4"]}, {"moveID": "0", "edgeID": 37, "source": ["3", "8"], "target": ["0", "3", "8"]}, {"moveID": "2", "edgeID": 94, "source": ["3", "8"], "target": ["2", "3", "8"]}, {"moveID": "8", "edgeID": 78, "source": ["3"], "target": ["3", "8"]}, {"moveID": "6", "edgeID": 46, "source": ["3"], "target": ["3", "6"]}, {"moveID": "2", "edgeID": 84, "source": ["3"], "target": ["2", "3"]}, {"moveID": "1", "edgeID": 1, "source": ["0", "3", "5", "8"], "target": ["0", "1", "3", "5", "8"]}, {"moveID": "2", "edgeID": 84, "source": ["0", "3", "5", "8"], "target": ["0", "2", "3", "5", "8"]}, {"moveID": "3", "edgeID": 85, "source": ["0", "1", "5", "8"], "target": ["0", "1", "3", "5", "8"]}, {"moveID": "2", "edgeID": 108, "source": ["0", "1", "5", "8"], "target": ["0", "1", "2", "5", "8"]}, {"moveID": "3", "edgeID": 92, "source": ["0", "2", "8"], "target": ["0", "2", "3", "8"]}, {"moveID": "1", "edgeID": 1, "source": ["0", "2", "8"], "target": ["0", "1", "2", "8"]}, {"moveID": "5", "edgeID": 5, "source": ["0", "2", "8"], "target": ["0", "2", "5", "8"]}, {"moveID": "0", "edgeID": 37, "source": ["2", "8"], "target": ["0", "2", "8"]}, {"moveID": "3", "edgeID": 95, "source": ["2", "8"], "target": ["2", "3", "8"]}, {"moveID": "8", "edgeID": 78, "source": ["2"], "target": ["2", "8"]}, {"moveID": "6", "edgeID": 46, "source": ["2"], "target": ["2", "6"]}, {"moveID": "3", "edgeID": 85, "source": ["2"], "target": ["2", "3"]}, {"moveID": "1", "edgeID": 1, "source": ["0", "5", "8"], "target": ["0", "1", "5", "8"]}, {"moveID": "3", "edgeID": 85, "source": ["0", "5", "8"], "target": ["0", "3", "5", "8"]}, {"moveID": "2", "edgeID": 84, "source": ["0", "5", "8"], "target": ["0", "2", "5", "8"]}, {"moveID": "2", "edgeID": 102, "source": ["3", "6", "7"], "target": ["2", "3", "6", "7"]}, {"moveID": "4", "edgeID": 4, "source": ["3", "6", "7"], "target": ["3", "4", "6", "7"]}, {"moveID": "7", "edgeID": 15, "source": ["3", "6"], "target": ["3", "6", "7"]}, {"moveID": "2", "edgeID": 105, "source": ["3", "6"], "target": ["2", "3", "6"]}, {"moveID": "8", "edgeID": 101, "source": ["2", "3", "4", "6", "7"], "target": ["2", "3", "4", "6", "7", "8"]}, {"moveID": "3", "edgeID": 103, "source": ["2", "6", "7"], "target": ["2", "3", "6", "7"]}, {"moveID": "2", "edgeID": 102, "source": ["6", "7"], "target": ["2", "6", "7"]}, {"moveID": "3", "edgeID": 123, "source": ["6", "7"], "target": ["3", "6", "7"]}, {"moveID": "4", "edgeID": 4, "source": ["6", "7"], "target": ["4", "6", "7"]}, {"moveID": "7", "edgeID": 15, "source": ["2", "6"], "target": ["2", "6", "7"]}, {"moveID": "3", "edgeID": 106, "source": ["2", "6"], "target": ["2", "3", "6"]}, {"moveID": "2", "edgeID": 102, "source": ["6"], "target": ["2", "6"]}, {"moveID": "7", "edgeID": 15, "source": ["6"], "target": ["6", "7"]}, {"moveID": "3", "edgeID": 103, "source": ["6"], "target": ["3", "6"]}, {"moveID": "4", "edgeID": 4, "source": ["6"], "target": ["4", "6"]}, {"moveID": "8", "edgeID": 113, "source": ["0", "1"], "target": ["0", "1", "8"]}, {"moveID": "1", "edgeID": 1, "source": ["0"], "target": ["0", "1"]}, {"moveID": "8", "edgeID": 114, "source": ["0"], "target": ["0", "8"]}, {"moveID": "6", "edgeID": 126, "source": ["7"], "target": ["6", "7"]}, {"moveID": "4", "edgeID": 4, "source": ["7"], "target": ["4", "7"]}, {"moveID": "2", "edgeID": 127, "source": ["3", "4", "6", "7"], "target": ["2", "3", "4", "6", "7"]}, {"moveID": "0", "edgeID": 131, "source": ["1"], "target": ["0", "1"]}, {"moveID": "3", "edgeID": 140, "source": ["4", "6", "7"], "target": ["3", "4", "6", "7"]}, {"moveID": "6", "edgeID": 143, "source": ["4", "7"], "target": ["4", "6", "7"]}, {"moveID": "7", "edgeID": 144, "source": ["4", "6"], "target": ["4", "6", "7"]}, {"moveID": "6", "edgeID": 143, "source": ["4"], "target": ["4", "6"]}, {"moveID": "7", "edgeID": 145, "source": ["4"], "target": ["4", "7"]}]}