{"directed": true, "multigraph": false, "graph": {}, "nodes": [{"id": ["0", "1", "2", "3", "4", "5", "6", "7", "8"]}, {"id": ["0", "1", "2", "3", "5", "6", "7", "8"]}, {"id": ["0", "2", "3", "4", "5", "6", "7", "8"]}, {"id": ["0", "2", "3", "5", "6", "7", "8"]}, {"id": ["0", "1", "2", "3", "5", "6", "8"]}, {"id": ["0", "2", "3", "5", "6", "8"]}, {"id": ["0", "1", "2", "3", "5", "8"]}, {"id": ["0", "2", "3", "5", "8"]}, {"id": ["0", "1", "3", "5", "8"]}, {"id": ["0", "3", "5", "8"]}, {"id": ["0", "1", "2", "5", "8"]}, {"id": ["0", "2", "5", "8"]}, {"id": ["0", "1", "5", "8"]}, {"id": ["0", "5", "8"]}, {"id": ["0", "1", "3", "8"]}, {"id": ["0", "3", "8"]}, {"id": ["0", "1", "8"]}, {"id": ["0", "8"]}, {"id": ["0", "1"]}, {"id": ["0"]}, {"id": ["8"]}, {"id": []}, {"id": ["3", "8"]}, {"id": ["1"]}, {"id": ["3"]}], "links": [{"moveID": "4", "edgeID": 4, "source": ["0", "1", "2", "3", "5", "6", "7", "8"], "target": ["0", "1", "2", "3", "4", "5", "6", "7", "8"]}, {"moveID": "1", "edgeID": 1, "source": ["0", "2", "3", "4", "5", "6", "7", "8"], "target": ["0", "1", "2", "3", "4", "5", "6", "7", "8"]}, {"moveID": "4", "edgeID": 4, "source": ["0", "2", "3", "5", "6", "7", "8"], "target": ["0", "2", "3", "4", "5", "6", "7", "8"]}, {"moveID": "1", "edgeID": 10, "source": ["0", "2", "3", "5", "6", "7", "8"], "target": ["0", "1", "2", "3", "5", "6", "7", "8"]}, {"moveID": "7", "edgeID": 15, "source": ["0", "1", "2", "3", "5", "6", "8"], "target": ["0", "1", "2", "3", "5", "6", "7", "8"]}, {"moveID": "1", "edgeID": 1, "source": ["0", "2", "3", "5", "6", "8"], "target": ["0", "1", "2", "3", "5", "6", "8"]}, {"moveID": "7", "edgeID": 29, "source": ["0", "2", "3", "5", "6", "8"], "target": ["0", "2", "3", "5", "6", "7", "8"]}, {"moveID": "6", "edgeID": 35, "source": ["0", "1", "2", "3", "5", "8"], "target": ["0", "1", "2", "3", "5", "6", "8"]}, {"moveID": "1", "edgeID": 1, "source": ["0", "2", "3", "5", "8"], "target": ["0", "1", "2", "3", "5", "8"]}, {"moveID": "6", "edgeID": 41, "source": ["0", "2", "3", "5", "8"], "target": ["0", "2", "3", "5", "6", "8"]}, {"moveID": "2", "edgeID": 44, "source": ["0", "1", "3", "5", "8"], "target": ["0", "1", "2", "3", "5", "8"]}, {"moveID": "1", "edgeID": 1, "source": ["0", "3", "5", "8"], "target": ["0", "1", "3", "5", "8"]}, {"moveID": "2", "edgeID": 49, "source": ["0", "3", "5", "8"], "target": ["0", "2", "3", "5", "8"]}, {"moveID": "3", "edgeID": 45, "source": ["0", "1", "2", "5", "8"], "target": ["0", "1", "2", "3", "5", "8"]}, {"moveID": "1", "edgeID": 1, "source": ["0", "2", "5", "8"], "target": ["0", "1", "2", "5", "8"]}, {"moveID": "3", "edgeID": 50, "source": ["0", "2", "5", "8"], "target": ["0", "2", "3", "5", "8"]}, {"moveID": "2", "edgeID": 44, "source": ["0", "1", "5", "8"], "target": ["0", "1", "2", "5", "8"]}, {"moveID": "3", "edgeID": 54, "source": ["0", "1", "5", "8"], "target": ["0", "1", "3", "5", "8"]}, {"moveID": "1", "edgeID": 1, "source": ["0", "5", "8"], "target": ["0", "1", "5", "8"]}, {"moveID": "2", "edgeID": 44, "source": ["0", "5", "8"], "target": ["0", "2", "5", "8"]}, {"moveID": "3", "edgeID": 58, "source": ["0", "5", "8"], "target": ["0", "3", "5", "8"]}, {"moveID": "5", "edgeID": 55, "source": ["0", "1", "3", "8"], "target": ["0", "1", "3", "5", "8"]}, {"moveID": "1", "edgeID": 1, "source": ["0", "3", "8"], "target": ["0", "1", "3", "8"]}, {"moveID": "5", "edgeID": 59, "source": ["0", "3", "8"], "target": ["0", "3", "5", "8"]}, {"moveID": "3", "edgeID": 45, "source": ["0", "1", "8"], "target": ["0", "1", "3", "8"]}, {"moveID": "5", "edgeID": 65, "source": ["0", "1", "8"], "target": ["0", "1", "5", "8"]}, {"moveID": "1", "edgeID": 1, "source": ["0", "8"], "target": ["0", "1", "8"]}, {"moveID": "3", "edgeID": 45, "source": ["0", "8"], "target": ["0", "3", "8"]}, {"moveID": "5", "edgeID": 68, "source": ["0", "8"], "target": ["0", "5", "8"]}, {"moveID": "8", "edgeID": 76, "source": ["0", "1"], "target": ["0", "1", "8"]}, {"moveID": "1", "edgeID": 1, "source": ["0"], "target": ["0", "1"]}, {"moveID": "8", "edgeID": 78, "source": ["0"], "target": ["0", "8"]}, {"moveID": "0", "edgeID": 77, "source": ["8"], "target": ["0", "8"]}, {"moveID": "3", "edgeID": 45, "source": ["8"], "target": ["3", "8"]}, {"moveID": "0", "edgeID": -1, "source": [], "target": ["0"]}, {"moveID": "8", "edgeID": 76, "source": [], "target": ["8"]}, {"moveID": "1", "edgeID": 1, "source": [], "target": ["1"]}, {"moveID": "3", "edgeID": 45, "source": [], "target": ["3"]}, {"moveID": "0", "edgeID": 79, "source": ["3", "8"], "target": ["0", "3", "8"]}, {"moveID": "0", "edgeID": 81, "source": ["1"], "target": ["0", "1"]}, {"moveID": "8", "edgeID": 83, "source": ["3"], "target": ["3", "8"]}]}